backlog step,collisions,collisions human,entropy,flow horizontal,flow vertical,fuel,gd time,horizon,i,ii,inflow,inflow hourly,kl,klcoef,lr,n total veh step,n veh step mean,n veh step sum,n veh unique,outflow,outflow hourly,policy loss,raw reward mean,raw reward sum,reward mean,reward sum,rollout time,speed,speed human,speed rl,speed rl std,step,total time
446,0,0,1.1,700,700,1420000,,2000,0,0,227,817,6.42e-13,,,541,49,98000,129,150,540,-0.0816,0.075,150,-0.00503,-10,23,0.437,0.452,0.423,0.804,,
442,0,0,,700,700,1430000,,2000,0,1,227,817,,,,534,47,95300,130,150,540,,0.075,150,6.84e-05,0.137,20,0.462,0.478,0.446,0.835,,
446,0,0,,700,700,1460000,,2000,0,2,229,824,,,,540,48,97300,127,153,551,,0.0765,153,0.000966,1.93,21,0.437,0.456,0.419,0.815,,
450,0,0,,700,700,1340000,,2000,0,3,226,814,,,,545,48,97600,129,146,526,,0.073,146,-0.000623,-1.25,23,0.447,0.467,0.429,0.796,,
444,0,0,,700,700,1420000,,2000,0,4,234,842,,,,535,46,93800,131,162,583,,0.081,162,0.0022,4.4,21,0.486,0.505,0.467,0.862,,
444,0,0,,700,700,1410000,,2000,0,5,235,846,,,,533,46,92600,132,163,587,,0.0815,163,0.00205,4.09,21,0.492,0.513,0.472,0.852,,
449,0,0,,700,700,1340000,,2000,0,6,230,828,,,,539,46,93700,131,153,551,,0.0765,153,-0.00014,-0.28,21,0.465,0.484,0.447,0.851,,
453,0,0,,700,700,1350000,,2000,0,7,218,785,,,,545,47,95500,125,139,500,,0.0695,139,-0.00281,-5.61,22,0.444,0.464,0.426,0.821,,
448,0,0,,700,700,1410000,,2000,0,8,226,814,,,,538,46,92900,128,156,562,,0.078,156,0.000788,1.58,21,0.467,0.485,0.451,0.832,,
446,0,0,,700,700,1470000,,2000,0,9,227,817,,,,537,47,94700,128,156,562,,0.078,156,0.00078,1.56,21,0.478,0.501,0.458,0.87,,
442,0,0,,700,700,1510000,,2000,0,10,236,850,,,,533,47,95100,132,164,590,,0.082,164,0.00227,4.55,22,0.485,0.506,0.466,0.878,,
452,0,0,,700,700,1520000,,2000,0,11,216,778,,,,545,48,96500,123,150,540,,0.075,150,-0.000632,-1.26,21,0.442,0.459,0.426,0.796,,
451,0,0,,700,700,1390000,,2000,0,12,222,799,,,,540,46,92000,127,149,536,,0.0745,149,-0.000822,-1.64,21,0.462,0.482,0.443,0.84,,
442,0,0,,700,700,1410000,,2000,0,13,242,871,,,,540,50,101000,139,166,598,,0.083,166,0.00257,5.14,22,0.467,0.485,0.451,0.804,,
448,0,0,,700,700,1390000,,2000,0,14,227,817,,,,537,46,92700,127,154,554,,0.077,154,3.69e-07,0.000738,22,0.469,0.49,0.449,0.821,,
442,0,0,,700,700,1390000,,2000,0,15,236,850,,,,538,49,98700,134,158,569,,0.079,158,0.000792,1.58,22,0.465,0.482,0.45,0.822,,
418,0,0,1.09,700,700,1470000,0.588,2000,1,0,294,1060,9.31e-11,0,0.001,509,47,94200,162,228,821,-0.854,0.114,228,0.0146,29,21,0.647,0.669,0.626,1.06,,356
423,0,0,,700,700,1390000,,2000,1,1,270,972,,,,513,46,92200,150,198,713,,0.099,198,0.00738,14,22,0.609,0.631,0.588,1.05,,
412,0,0,,700,700,1410000,,2000,1,2,308,1110,,,,500,45,90900,169,240,864,,0.12,240,0.0147,29,21,0.695,0.72,0.672,1.14,,
417,0,0,,700,700,1410000,,2000,1,3,280,1010,,,,511,48,96400,156,207,745,,0.103,207,0.00754,15,22,0.59,0.609,0.572,1.01,,
413,0,0,,700,700,1380000,,2000,1,4,297,1070,,,,500,44,89600,164,229,824,,0.115,229,0.0111,22,21,0.686,0.713,0.661,1.14,,
412,0,0,,700,700,1510000,,2000,1,5,290,1040,,,,499,44,89500,159,223,803,,0.112,223,0.00947,18,22,0.682,0.706,0.66,1.16,,
418,0,0,,700,700,1390000,,2000,1,6,285,1030,,,,504,44,88200,158,218,785,,0.109,218,0.00808,16,21,0.682,0.71,0.656,1.15,,
425,0,0,,700,700,1390000,,2000,1,7,274,986,,,,515,46,92800,153,204,734,,0.102,204,0.00529,10,21,0.619,0.642,0.597,1.04,,
419,0,0,,700,700,1560000,,2000,1,8,282,1020,,,,507,45,91500,156,224,806,,0.112,224,0.00871,17,22,0.657,0.68,0.634,1.07,,
419,0,0,,700,700,1430000,,2000,1,9,292,1050,,,,508,45,91800,164,228,821,,0.114,228,0.00904,18,21,0.664,0.689,0.64,1.09,,
416,0,0,,700,700,1460000,,2000,1,10,293,1050,,,,507,46,93100,163,228,821,,0.114,228,0.00869,17,21,0.656,0.681,0.633,1.09,,
420,0,0,,700,700,1390000,,2000,1,11,297,1070,,,,503,43,85900,161,231,832,,0.116,231,0.00884,17,21,0.709,0.738,0.682,1.17,,
427,0,0,,700,700,1420000,,2000,1,12,274,986,,,,513,44,89600,152,204,734,,0.102,204,0.00373,7.45,21,0.655,0.676,0.636,1.11,,
422,0,0,,700,700,1430000,,2000,1,13,286,1030,,,,513,46,93600,159,219,788,,0.11,219,0.00628,12,21,0.623,0.645,0.603,1.05,,
417,0,0,,700,700,1480000,,2000,1,14,293,1050,,,,506,46,92000,162,231,832,,0.116,231,0.0082,16,22,0.668,0.689,0.648,1.09,,
419,0,0,,700,700,1540000,,2000,1,15,279,1000,,,,505,44,88100,155,221,796,,0.111,221,0.00615,12,21,0.662,0.689,0.636,1.11,,
340,0,0,1.06,700,700,1340000,0.36,2000,2,0,438,1580,-3.29e-11,0,0.001,420,41,82000,234,373,1340,-1.85,0.186,373,0.0314,62,19,1.18,1.22,1.14,1.85,,705
346,0,0,,700,700,1450000,,2000,2,1,427,1540,,,,427,41,82900,230,371,1340,,0.185,371,0.0277,55,21,1.15,1.19,1.12,1.81,,
354,0,0,,700,700,1400000,,2000,2,2,416,1500,,,,435,41,83400,226,357,1290,,0.178,357,0.0234,46,22,1.11,1.15,1.08,1.8,,
348,0,0,,700,700,1450000,,2000,2,3,424,1530,,,,427,41,82300,227,371,1340,,0.185,371,0.0238,47,20,1.15,1.19,1.11,1.82,,
349,0,0,,700,700,1500000,,2000,2,4,418,1500,,,,428,40,81700,224,366,1320,,0.183,366,0.0216,43,20,1.15,1.19,1.11,1.84,,
357,0,0,,700,700,1370000,,2000,2,5,408,1470,,,,439,42,85100,219,347,1250,,0.173,347,0.0181,36,22,1.06,1.09,1.02,1.76,,
339,0,0,,700,700,1490000,,2000,2,6,435,1570,,,,420,41,83000,233,383,1380,,0.192,383,0.0221,44,19,1.18,1.22,1.14,1.87,,
348,0,0,,700,700,1480000,,2000,2,7,423,1520,,,,427,40,81200,224,365,1310,,0.182,365,0.0188,37,20,1.15,1.19,1.12,1.84,,
350,2,2,,700,700,1530000,,2000,2,8,418,1500,,,,431,41,83000,224,362,1300,,0.176,352,0.0166,33,20,1.13,1.17,1.1,1.84,,
352,0,0,,700,700,1590000,,2000,2,9,417,1500,,,,432,41,82000,222,368,1320,,0.184,368,0.0181,36,19,1.14,1.18,1.1,1.87,,
347,0,0,,700,700,1420000,,2000,2,10,424,1530,,,,425,40,80200,230,372,1340,,0.186,372,0.0179,35,19,1.19,1.24,1.15,1.87,,
352,0,0,,700,700,1410000,,2000,2,11,416,1500,,,,432,41,82100,221,355,1280,,0.177,355,0.0153,30,20,1.12,1.16,1.09,1.8,,
346,0,0,,700,700,1490000,,2000,2,12,422,1520,,,,425,40,80800,226,365,1310,,0.182,365,0.0163,32,19,1.16,1.2,1.12,1.86,,
339,0,0,,700,700,1440000,,2000,2,13,440,1580,,,,423,43,86100,239,385,1390,,0.193,385,0.0183,36,21,1.14,1.17,1.1,1.79,,
347,0,0,,700,700,1550000,,2000,2,14,425,1530,,,,429,42,84300,228,372,1340,,0.186,372,0.0163,32,19,1.15,1.19,1.11,1.82,,
349,0,0,,700,700,1430000,,2000,2,15,420,1510,,,,428,40,81600,226,363,1310,,0.181,363,0.0148,29,19,1.16,1.2,1.12,1.83,,
252,0,0,0.935,700,700,1480000,0.46,2000,3,0,603,2170,-1.77e-10,0,0.001,329,39,78600,317,551,1980,-2.24,0.276,551,0.0368,73,19,1.76,1.81,1.72,2.61,,1030
253,0,0,,700,700,1460000,,2000,3,1,608,2190,,,,334,41,82600,320,552,1990,,0.276,552,0.0338,67,19,1.68,1.71,1.64,2.52,,
276,0,0,,700,700,1490000,,2000,3,2,576,2070,,,,358,41,83300,304,525,1890,,0.263,525,0.0288,57,19,1.59,1.63,1.56,2.46,,
275,0,0,,700,700,1450000,,2000,3,3,574,2070,,,,357,41,83100,303,519,1870,,0.26,519,0.0267,53,20,1.58,1.62,1.55,2.43,,
274,0,0,,700,700,1390000,,2000,3,4,567,2040,,,,355,41,82600,299,510,1840,,0.255,510,0.0247,49,19,1.56,1.6,1.53,2.44,,
296,0,0,,700,700,1530000,,2000,3,5,531,1910,,,,379,42,85200,282,482,1740,,0.241,482,0.0211,42,20,1.44,1.48,1.4,2.36,,
275,0,0,,700,700,1450000,,2000,3,6,571,2060,,,,358,42,84600,304,520,1870,,0.26,520,0.0243,48,22,1.54,1.58,1.5,2.44,,
256,0,0,,700,700,1440000,,2000,3,7,595,2140,,,,337,41,82900,313,543,1950,,0.272,543,0.0256,51,20,1.66,1.71,1.62,2.49,,
277,0,0,,700,700,1550000,,2000,3,8,555,2000,,,,357,41,81900,294,506,1820,,0.253,506,0.0213,42,20,1.54,1.58,1.51,2.47,,
269,0,0,,700,700,1420000,,2000,3,9,582,2100,,,,353,42,84900,307,524,1890,,0.262,524,0.0225,45,21,1.56,1.59,1.53,2.43,,
286,0,0,,700,700,1480000,,2000,3,10,557,2010,,,,368,41,83500,294,504,1810,,0.252,504,0.0201,40,19,1.54,1.57,1.51,2.41,,
284,0,0,,700,700,1480000,,2000,3,11,568,2040,,,,364,41,82000,302,518,1860,,0.259,518,0.0211,42,19,1.59,1.63,1.56,2.45,,
266,0,0,,700,700,1510000,,2000,3,12,582,2100,,,,344,40,80300,305,533,1920,,0.267,533,0.022,43,20,1.68,1.72,1.65,2.53,,
278,0,0,,700,700,1430000,,2000,3,13,562,2020,,,,362,42,85500,298,509,1830,,0.255,509,0.0193,38,20,1.51,1.54,1.48,2.39,,
276,0,0,,700,700,1440000,,2000,3,14,560,2020,,,,359,42,84500,295,502,1810,,0.251,502,0.0183,36,19,1.53,1.57,1.49,2.4,,
283,0,0,,700,700,1530000,,2000,3,15,555,2000,,,,366,42,84000,294,508,1830,,0.254,508,0.0186,37,20,1.52,1.56,1.49,2.42,,
229,0,0,0.76,700,700,1570000,0.382,2000,4,0,666,2400,4.99e-11,0,0.001,312,42,84500,349,621,2240,-2.21,0.31,621,0.0289,57,19,1.79,1.82,1.77,2.74,,1360
215,0,0,,700,700,1400000,,2000,4,1,664,2390,,,,298,41,83300,347,606,2180,,0.303,606,0.0264,52,21,1.81,1.83,1.8,2.78,,
229,0,0,,700,700,1290000,,2000,4,2,668,2400,,,,311,41,83200,349,609,2190,,0.304,609,0.026,52,20,1.82,1.84,1.8,2.75,,
207,2,2,,700,700,1390000,,2000,4,3,691,2490,,,,293,43,86900,357,621,2240,,0.305,611,0.0255,51,20,1.8,1.83,1.78,2.72,,
221,0,0,,700,700,1550000,,2000,4,4,671,2420,,,,306,42,85400,350,619,2230,,0.309,619,0.0256,51,21,1.77,1.8,1.75,2.73,,
233,0,0,,700,700,1410000,,2000,4,5,646,2330,,,,320,44,88000,338,588,2120,,0.294,588,0.0223,44,20,1.68,1.7,1.66,2.63,,
233,0,0,,700,700,1280000,,2000,4,6,659,2370,,,,315,41,82900,345,598,2150,,0.299,598,0.0228,45,19,1.81,1.84,1.79,2.74,,
216,0,0,,700,700,1360000,,2000,4,7,671,2420,,,,294,39,78700,349,616,2220,,0.308,616,0.0239,47,21,1.96,1.99,1.94,2.89,,
229,0,0,,700,700,1400000,,2000,4,8,674,2430,,,,312,42,84000,352,619,2230,,0.309,619,0.0237,47,21,1.83,1.85,1.81,2.77,,
229,0,0,,700,700,1230000,,2000,4,9,670,2410,,,,314,43,86100,351,605,2180,,0.302,605,0.0221,44,21,1.76,1.78,1.73,2.67,,
220,0,0,,700,700,1480000,,2000,4,10,663,2390,,,,303,42,84300,346,615,2210,,0.307,615,0.0226,45,20,1.82,1.85,1.79,2.75,,
238,0,0,,700,700,1270000,,2000,4,11,658,2370,,,,323,42,85800,345,591,2130,,0.295,591,0.0202,40,21,1.76,1.78,1.73,2.7,,
220,0,0,,700,700,1390000,,2000,4,12,680,2450,,,,304,42,84900,351,616,2220,,0.308,616,0.0221,44,19,1.82,1.84,1.79,2.75,,
223,0,0,,700,700,1290000,,2000,4,13,675,2430,,,,305,41,83100,353,613,2210,,0.306,613,0.0215,43,20,1.86,1.88,1.84,2.8,,
239,0,0,,700,700,1360000,,2000,4,14,658,2370,,,,318,40,80100,345,604,2170,,0.302,604,0.0205,40,19,1.87,1.9,1.84,2.8,,
224,0,0,,700,700,1370000,,2000,4,15,664,2390,,,,313,45,90700,348,601,2160,,0.3,601,0.0199,39,20,1.66,1.68,1.64,2.59,,
197,0,0,0.48,700,700,1340000,0.498,2000,5,0,715,2570,-3.86e-12,0,0.001,283,43,87300,373,654,2350,-2.07,0.327,654,0.0242,48,21,1.86,1.88,1.84,2.8,5,1690
205,0,0,,700,700,1290000,,2000,5,1,693,2490,,,,286,41,82100,359,632,2280,,0.316,632,0.022,43,20,1.92,1.94,1.9,2.88,,
202,0,0,,700,700,1260000,,2000,5,2,728,2620,,,,289,43,87100,379,665,2390,,0.333,665,0.0245,49,20,1.87,1.87,1.86,2.82,,
181,0,0,,700,700,1230000,,2000,5,3,760,2740,,,,261,40,80900,395,701,2520,,0.35,701,0.0271,54,20,2.12,2.14,2.1,2.98,,
188,0,0,,700,700,1210000,,2000,5,4,750,2700,,,,267,39,79500,390,690,2480,,0.345,690,0.0257,51,19,2.12,2.13,2.1,3.04,,
199,0,0,,700,700,1420000,,2000,5,5,722,2600,,,,286,44,88200,374,667,2400,,0.334,667,0.0234,46,20,1.82,1.84,1.8,2.75,,
205,0,0,,700,700,1220000,,2000,5,6,712,2560,,,,291,43,86600,371,646,2330,,0.323,646,0.0213,42,21,1.83,1.86,1.81,2.81,,
206,0,0,,700,700,1370000,,2000,5,7,718,2580,,,,297,45,91200,376,661,2380,,0.331,661,0.0224,44,20,1.8,1.82,1.78,2.73,,
197,0,0,,700,700,1410000,,2000,5,8,718,2580,,,,280,41,83200,374,665,2390,,0.333,665,0.0224,44,20,1.97,1.99,1.96,2.91,,
220,0,0,,700,700,1510000,,2000,5,9,693,2490,,,,305,42,85800,363,649,2340,,0.325,649,0.0208,41,21,1.83,1.85,1.81,2.82,,
187,0,0,,700,700,1380000,,2000,5,10,736,2650,,,,274,44,88100,382,677,2440,,0.339,677,0.0229,45,22,1.88,1.89,1.86,2.81,,
196,0,0,,700,700,1290000,,2000,5,11,726,2610,,,,278,41,83800,378,667,2400,,0.334,667,0.0218,43,20,1.97,1.99,1.95,2.87,,
212,0,0,,700,700,1210000,,2000,5,12,680,2450,,,,300,44,88300,355,615,2210,,0.307,615,0.0172,34,20,1.78,1.8,1.76,2.73,,
190,0,0,,700,700,1370000,,2000,5,13,720,2590,,,,278,44,88900,374,657,2370,,0.329,657,0.0207,41,21,1.83,1.85,1.81,2.81,,
191,0,0,,700,700,1200000,,2000,5,14,724,2610,,,,278,44,88200,377,655,2360,,0.328,655,0.0203,40,20,1.81,1.83,1.8,2.78,,
216,0,0,,700,700,1360000,,2000,5,15,668,2400,,,,301,43,86400,349,612,2200,,0.306,612,0.0165,32,20,1.8,1.83,1.78,2.76,,
204,0,0,0.306,700,700,1310000,0.386,2000,6,0,701,2520,3.39e-11,0,0.001,287,41,82700,365,648,2330,-1.95,0.324,648,0.0194,38,20,1.97,1.98,1.96,2.94,,2020
181,0,0,,700,700,1220000,,2000,6,1,741,2670,,,,271,44,89500,387,672,2420,,0.336,672,0.0213,42,21,1.88,1.89,1.87,2.81,,
195,0,0,,700,700,1160000,,2000,6,2,748,2690,,,,281,43,86100,390,678,2440,,0.339,678,0.0217,43,20,1.94,1.95,1.92,2.9,,
179,0,0,,700,700,1290000,,2000,6,3,762,2740,,,,264,42,84900,397,701,2520,,0.35,701,0.0234,46,21,2.02,2.02,2.01,2.91,,
194,0,0,,700,700,1310000,,2000,6,4,733,2640,,,,274,39,79400,380,676,2430,,0.338,676,0.0211,42,19,2.06,2.07,2.06,3,,
195,0,0,,700,700,1430000,,2000,6,5,725,2610,,,,284,45,89900,377,674,2430,,0.337,674,0.0207,41,21,1.84,1.86,1.83,2.79,,
181,0,0,,700,700,1430000,,2000,6,6,755,2720,,,,271,45,90200,395,702,2530,,0.351,702,0.023,45,22,1.84,1.86,1.83,2.83,,
188,0,0,,700,700,1160000,,2000,6,7,739,2660,,,,274,43,87100,386,669,2410,,0.335,669,0.0199,39,20,1.89,1.91,1.87,2.85,,
196,0,0,,700,700,1410000,,2000,6,8,737,2650,,,,284,44,88900,387,687,2470,,0.344,687,0.0213,42,20,1.88,1.91,1.85,2.86,,
216,0,0,,700,700,1230000,,2000,6,9,703,2530,,,,300,42,84900,368,643,2310,,0.322,643,0.0173,34,22,1.9,1.92,1.89,2.86,,
168,0,0,,700,700,1350000,,2000,6,10,769,2770,,,,250,41,82200,401,720,2590,,0.36,720,0.0239,47,20,2.12,2.14,2.1,3.03,,
199,0,0,,700,700,1280000,,2000,6,11,718,2580,,,,285,43,86400,374,660,2380,,0.33,660,0.0185,36,21,1.88,1.9,1.86,2.86,,
172,0,0,,700,700,1600000,,2000,6,12,756,2720,,,,263,45,91900,394,709,2550,,0.354,709,0.0226,45,23,1.82,1.84,1.81,2.81,,
196,0,0,,700,700,1200000,,2000,6,13,722,2600,,,,279,41,83400,376,656,2360,,0.328,656,0.0178,35,20,1.98,1.99,1.97,2.93,,
205,0,0,,700,700,1450000,,2000,6,14,719,2590,,,,287,41,83300,378,675,2430,,0.338,675,0.0194,38,19,1.98,2,1.96,2.93,,
200,0,0,,700,700,1190000,,2000,6,15,735,2650,,,,282,41,82400,381,667,2400,,0.334,667,0.0186,37,20,1.99,2,1.99,2.97,,
195,0,0,0.24,700,700,1350000,0.555,2000,7,0,743,2670,-3.14e-11,0,0.001,281,43,86600,387,686,2470,-1.92,0.343,686,0.0201,40,19,1.95,1.97,1.94,2.95,,2360
189,0,0,,700,700,1330000,,2000,7,1,752,2710,,,,272,41,83800,392,703,2530,,0.351,703,0.0215,43,20,2.04,2.06,2.02,2.94,,
177,0,0,,700,700,1250000,,2000,7,2,746,2690,,,,269,46,92800,389,679,2440,,0.34,679,0.0192,38,23,1.79,1.8,1.78,2.77,,
165,0,0,,700,700,1270000,,2000,7,3,792,2850,,,,245,40,80400,413,740,2660,,0.37,740,0.0245,49,19,2.18,2.18,2.17,3.06,,
203,0,0,,700,700,1390000,,2000,7,4,718,2580,,,,288,43,86200,378,672,2420,,0.336,672,0.0183,36,20,1.91,1.93,1.89,2.87,,
180,0,0,,700,700,1280000,,2000,7,5,753,2710,,,,268,44,88400,391,691,2490,,0.345,691,0.0199,39,22,1.96,1.97,1.95,2.85,,
157,0,0,,700,700,1210000,,2000,7,6,805,2900,,,,246,44,88900,417,741,2670,,0.37,741,0.0242,48,21,2.02,2.03,2.02,2.92,,
172,0,0,,700,700,1340000,,2000,7,7,760,2740,,,,260,44,88700,394,698,2510,,0.349,698,0.0202,40,20,1.97,1.98,1.95,2.9,,
188,0,0,,700,700,1210000,,2000,7,8,760,2740,,,,273,42,85700,395,693,2490,,0.346,693,0.0196,39,21,1.99,2.01,1.98,2.95,,
166,0,0,,700,700,1330000,,2000,7,9,784,2820,,,,259,46,93400,407,717,2580,,0.358,717,0.0217,43,22,1.83,1.83,1.83,2.8,,
162,0,0,,700,700,1240000,,2000,7,10,795,2860,,,,252,45,91700,414,724,2610,,0.362,724,0.0222,44,22,1.93,1.95,1.91,2.84,,
190,0,0,,700,700,1350000,,2000,7,11,744,2680,,,,270,40,81100,391,696,2510,,0.348,696,0.0195,39,20,2.07,2.08,2.05,3.06,,
175,2,1,,700,700,1230000,,2000,7,12,753,2710,,,,259,42,84500,391,688,2480,,0.339,678,0.0178,35,22,2.02,2.04,2.01,2.95,,
166,0,0,,700,700,1280000,,2000,7,13,779,2800,,,,246,39,79400,404,724,2610,,0.362,724,0.0218,43,19,2.17,2.19,2.16,3.09,,
187,0,0,,700,700,1300000,,2000,7,14,750,2700,,,,265,39,79000,391,702,2530,,0.351,702,0.0197,39,19,2.17,2.2,2.14,3.09,,
183,0,0,,700,700,1290000,,2000,7,15,743,2670,,,,274,46,92100,387,679,2440,,0.34,679,0.0175,35,21,1.83,1.85,1.81,2.79,,
172,0,0,0.158,700,700,1150000,0.506,2000,8,0,777,2800,1.6e-10,0,0.001,251,40,80300,404,715,2570,-1.69,0.357,715,0.0207,41,19,2.21,2.24,2.19,3.11,,2700
221,0,0,,700,700,1280000,,2000,8,1,681,2450,,,,312,45,90700,357,617,2220,,0.308,617,0.0116,23,21,1.72,1.74,1.71,2.75,,
186,0,0,,700,700,1300000,,2000,8,2,728,2620,,,,266,40,80000,380,679,2440,,0.34,679,0.0173,34,20,2.1,2.11,2.1,3.06,,
176,0,0,,700,700,1140000,,2000,8,3,769,2770,,,,262,42,85700,402,703,2530,,0.351,703,0.0194,38,20,1.98,1.99,1.97,2.93,,
182,0,0,,700,700,1110000,,2000,8,4,774,2790,,,,263,40,81200,403,710,2560,,0.355,710,0.02,39,20,2.17,2.18,2.17,3.07,,
202,0,0,,700,700,1260000,,2000,8,5,719,2590,,,,287,43,86000,375,662,2380,,0.331,662,0.0154,30,21,1.95,1.97,1.93,2.91,,
185,0,0,,700,700,1110000,,2000,8,6,749,2700,,,,270,42,85200,391,680,2450,,0.34,680,0.017,34,20,1.97,1.99,1.95,2.94,,
199,0,0,,700,700,1290000,,2000,8,7,729,2620,,,,288,44,89800,380,669,2410,,0.335,669,0.0159,31,21,1.89,1.91,1.87,2.86,,
166,0,0,,700,700,1170000,,2000,8,8,788,2840,,,,245,39,79500,408,723,2600,,0.361,723,0.0209,41,20,2.17,2.19,2.15,3.12,,
180,0,0,,700,700,1220000,,2000,8,9,737,2650,,,,265,43,86900,385,668,2400,,0.334,668,0.0156,31,20,1.92,1.95,1.9,2.94,,
179,0,0,,700,700,1340000,,2000,8,10,763,2750,,,,260,40,81500,397,710,2560,,0.355,710,0.0195,38,19,2.1,2.12,2.08,3.03,,
152,0,0,,700,700,1200000,,2000,8,11,816,2940,,,,231,40,80200,423,758,2730,,0.379,758,0.0239,47,20,2.35,2.37,2.34,3.16,,
163,0,0,,700,700,1300000,,2000,8,12,776,2790,,,,252,44,89100,404,711,2560,,0.355,711,0.0193,38,21,1.95,1.96,1.94,2.92,,
155,0,0,,700,700,1270000,,2000,8,13,806,2900,,,,234,39,79600,415,749,2700,,0.374,749,0.0228,45,20,2.28,2.29,2.26,3.1,,
171,0,0,,700,700,1200000,,2000,8,14,779,2800,,,,255,42,84900,403,702,2530,,0.351,702,0.0183,36,21,2,2,2,3.04,,
198,0,0,,700,700,1280000,,2000,8,15,722,2600,,,,277,39,79700,377,671,2420,,0.336,671,0.0153,30,20,2.09,2.1,2.08,3.06,,
189,0,0,0.16,700,700,1270000,0.393,2000,9,0,733,2640,-1.26e-11,0,0.001,275,43,86200,384,671,2420,-1.68,0.336,671,0.0152,30,19,1.94,1.96,1.93,2.92,,3030
191,0,0,,700,700,1300000,,2000,9,1,726,2610,,,,283,46,92500,377,660,2380,,0.33,660,0.0141,28,22,1.8,1.82,1.79,2.76,,
154,0,0,,700,700,1280000,,2000,9,2,806,2900,,,,238,42,84400,416,740,2660,,0.37,740,0.0217,43,20,2.07,2.07,2.06,3.09,,
172,0,0,,700,700,1310000,,2000,9,3,781,2810,,,,249,38,77700,403,730,2630,,0.365,730,0.0206,41,19,2.22,2.23,2.21,3.11,,
202,0,0,,700,700,1290000,,2000,9,4,733,2640,,,,282,39,79600,383,684,2460,,0.342,684,0.0161,32,20,2.09,2.1,2.09,3.04,,
155,0,0,,700,700,1330000,,2000,9,5,791,2850,,,,246,45,90700,411,730,2630,,0.365,730,0.0205,40,21,1.92,1.92,1.92,2.91,,
186,0,0,,700,700,1320000,,2000,9,6,742,2670,,,,272,43,86800,387,687,2470,,0.344,687,0.0162,32,20,2.01,2.03,1.98,2.89,,
143,0,0,,700,700,1270000,,2000,9,7,825,2970,,,,219,38,76800,425,769,2770,,0.385,769,0.0241,48,20,2.5,2.51,2.49,3.29,,
186,0,0,,700,700,1380000,,2000,9,8,760,2740,,,,273,43,87100,395,708,2550,,0.354,708,0.0181,36,20,1.95,1.96,1.93,2.93,,
167,0,0,,700,700,1370000,,2000,9,9,777,2800,,,,247,40,80300,404,734,2640,,0.367,734,0.0205,41,19,2.27,2.29,2.25,3.13,,
185,0,0,,700,700,1220000,,2000,9,10,751,2700,,,,274,44,89800,391,684,2460,,0.342,684,0.0156,31,22,1.88,1.9,1.86,2.83,,
177,0,0,,700,700,1280000,,2000,9,11,763,2750,,,,258,41,82400,394,701,2520,,0.35,701,0.0172,34,19,2.09,2.11,2.07,2.99,,
178,0,0,,700,700,1380000,,2000,9,12,746,2690,,,,267,44,89700,388,689,2480,,0.344,689,0.0159,31,20,1.87,1.88,1.85,2.8,,
172,0,0,,700,700,1140000,,2000,9,13,766,2760,,,,252,39,79800,398,701,2520,,0.35,701,0.0171,34,21,2.14,2.15,2.13,3.08,,
183,0,0,,700,700,1150000,,2000,9,14,760,2740,,,,265,41,83000,396,694,2500,,0.347,694,0.0163,32,20,2.07,2.1,2.05,3.01,,
176,0,0,,700,700,1290000,,2000,9,15,767,2760,,,,264,44,89700,400,708,2550,,0.354,708,0.0176,35,21,1.91,1.94,1.89,2.85,,
146,0,0,0.132,700,700,1130000,0.573,2000,10,0,825,2970,-2.36e-11,0,0.001,224,39,78300,428,756,2720,-1.6,0.378,756,0.0223,44,20,2.4,2.41,2.4,3.24,10,3370
193,0,0,,700,700,1270000,,2000,10,1,725,2610,,,,273,40,80300,378,670,2410,,0.335,670,0.0137,27,19,2.08,2.1,2.07,3.05,,
162,0,0,,700,700,1360000,,2000,10,2,801,2880,,,,239,38,77700,417,753,2710,,0.377,753,0.0219,43,19,2.31,2.33,2.29,3.18,,
204,0,0,,700,700,1290000,,2000,10,3,708,2550,,,,284,39,79700,368,657,2370,,0.329,657,0.0122,24,20,2.06,2.07,2.04,3.05,,
188,0,0,,700,700,1280000,,2000,10,4,736,2650,,,,268,40,80900,384,687,2470,,0.344,687,0.0152,30,19,2.12,2.14,2.1,3.07,,
180,0,0,,700,700,1330000,,2000,10,5,764,2750,,,,260,40,80200,397,712,2560,,0.356,712,0.0176,35,20,2.13,2.14,2.12,3.07,,
182,0,0,,700,700,1120000,,2000,10,6,750,2700,,,,265,41,83300,391,684,2460,,0.342,684,0.0148,29,20,2.05,2.06,2.04,3.01,,
159,0,0,,700,700,1270000,,2000,10,7,807,2910,,,,240,40,81400,419,755,2720,,0.378,755,0.0219,43,19,2.31,2.32,2.29,3.13,,
180,0,0,,700,700,1230000,,2000,10,8,775,2790,,,,268,43,87300,404,708,2550,,0.354,708,0.017,34,21,1.96,1.96,1.96,2.93,,
191,0,0,,700,700,1230000,,2000,10,9,750,2700,,,,276,42,84700,391,694,2500,,0.347,694,0.0156,31,20,2.05,2.06,2.04,2.95,,
184,0,0,,700,700,1240000,,2000,10,10,762,2740,,,,268,42,84500,396,698,2510,,0.349,698,0.0159,31,20,2.02,2.03,2.01,2.97,,
164,0,0,,700,700,1300000,,2000,10,11,768,2760,,,,252,44,88300,398,702,2530,,0.351,702,0.0163,32,21,1.99,2,1.97,2.92,,
166,0,0,,700,700,1390000,,2000,10,12,782,2820,,,,253,44,88200,406,728,2620,,0.364,728,0.0189,37,20,2.01,2.03,2,2.92,,
148,2,2,,700,700,1280000,,2000,10,13,820,2950,,,,226,39,78000,424,767,2760,,0.379,757,0.0217,43,18,2.45,2.46,2.44,3.25,,
171,0,0,,700,700,1340000,,2000,10,14,751,2700,,,,262,46,92200,392,694,2500,,0.347,694,0.0152,30,22,1.87,1.89,1.84,2.82,,
192,0,0,,700,700,1150000,,2000,10,15,746,2690,,,,274,41,82500,386,676,2430,,0.338,676,0.0133,26,20,2.05,2.06,2.04,3.01,,
179,0,0,0.113,700,700,1350000,0.565,2000,11,0,767,2760,3.78e-11,0,0.001,269,45,90000,402,710,2560,-1.4,0.355,710,0.0168,33,21,1.88,1.88,1.88,2.9,,3700
173,0,0,,700,700,1240000,,2000,11,1,763,2750,,,,265,46,92700,395,688,2480,,0.344,688,0.0144,28,22,1.82,1.83,1.8,2.79,,
181,0,0,,700,700,1240000,,2000,11,2,750,2700,,,,262,40,81900,390,693,2490,,0.346,693,0.0149,29,21,2.11,2.13,2.1,3.03,,
182,0,0,,700,700,1340000,,2000,11,3,739,2660,,,,266,42,85300,386,688,2480,,0.344,688,0.0143,28,20,1.96,1.99,1.93,2.9,,
210,0,0,,700,700,1320000,,2000,11,4,720,2590,,,,289,39,79500,377,676,2430,,0.338,676,0.013,26,19,2.11,2.11,2.1,3.06,,
163,0,0,,700,700,1100000,,2000,11,5,794,2860,,,,242,39,79000,411,724,2610,,0.362,724,0.0179,35,20,2.21,2.22,2.2,3.12,,
150,0,0,,700,700,1420000,,2000,11,6,789,2840,,,,238,44,88600,409,733,2640,,0.366,733,0.0188,37,20,1.99,2.01,1.97,2.96,,
185,0,0,,700,700,1150000,,2000,11,7,738,2660,,,,273,43,87700,385,669,2410,,0.335,669,0.0121,24,20,1.91,1.93,1.9,2.86,,
164,0,0,,700,700,1180000,,2000,11,8,783,2820,,,,247,41,83200,405,714,2570,,0.357,714,0.0167,33,20,2.06,2.09,2.04,3.04,,
178,0,0,,700,700,1260000,,2000,11,9,755,2720,,,,258,40,81100,393,700,2520,,0.35,700,0.0152,30,19,2.13,2.15,2.12,3.05,,
205,0,0,,700,700,1160000,,2000,11,10,714,2570,,,,288,41,82400,373,653,2350,,0.327,653,0.0102,20,20,1.98,1.99,1.98,2.95,,
197,0,0,,700,700,1290000,,2000,11,11,718,2580,,,,277,39,79900,374,665,2390,,0.333,665,0.0115,22,19,2.07,2.08,2.07,3.05,,
167,0,0,,700,700,1090000,,2000,11,12,775,2790,,,,246,39,79200,403,704,2530,,0.352,704,0.0155,31,19,2.16,2.18,2.15,3.08,,
193,0,0,,700,700,1160000,,2000,11,13,743,2670,,,,281,44,88200,388,676,2430,,0.338,676,0.0125,25,21,1.89,1.9,1.89,2.85,,
166,0,0,,700,700,1210000,,2000,11,14,788,2840,,,,249,41,83400,410,721,2600,,0.36,721,0.0172,34,19,2.06,2.08,2.04,3.01,,
153,0,0,,700,700,1280000,,2000,11,15,814,2930,,,,230,38,77800,422,766,2760,,0.383,766,0.0219,43,19,2.44,2.45,2.42,3.27,,
169,0,0,0.108,700,700,1300000,0.583,2000,12,0,769,2770,-3.34e-11,0,0.001,254,42,85500,399,713,2570,-1.44,0.356,713,0.0162,32,22,2.02,2.04,2.01,2.98,,4030
170,0,0,,700,700,1190000,,2000,12,1,768,2760,,,,254,42,84900,400,698,2510,,0.349,698,0.0146,29,21,2.05,2.07,2.03,3,,
202,0,0,,700,700,1300000,,2000,12,2,731,2630,,,,281,39,79600,380,678,2440,,0.339,678,0.0124,24,20,2.11,2.11,2.1,3.06,,
175,0,0,,700,700,1350000,,2000,12,3,762,2740,,,,261,43,86500,397,709,2550,,0.354,709,0.0156,31,21,2.01,2.02,2,2.94,,
207,0,0,,700,700,1300000,,2000,12,4,723,2600,,,,287,40,80200,378,676,2430,,0.338,676,0.0121,24,20,2.08,2.09,2.06,3.03,,
170,0,0,,700,700,1420000,,2000,12,5,772,2780,,,,254,42,84300,404,728,2620,,0.364,728,0.0176,35,19,2.13,2.14,2.12,3.03,,
185,0,0,,700,700,1190000,,2000,12,6,757,2730,,,,263,39,79400,394,698,2510,,0.349,698,0.0143,28,20,2.13,2.15,2.11,3.08,,
169,0,0,,700,700,1540000,,2000,12,7,754,2710,,,,261,45,91500,391,704,2530,,0.352,704,0.0149,29,21,1.84,1.84,1.84,2.81,,
176,0,0,,700,700,1160000,,2000,12,8,773,2780,,,,259,42,84000,404,711,2560,,0.355,711,0.0156,31,20,2.14,2.16,2.11,3.02,,
176,2,2,,700,700,1250000,,2000,12,9,769,2770,,,,261,43,86000,397,700,2520,,0.345,690,0.0133,26,21,2,2.02,1.98,2.93,,
167,0,0,,700,700,1270000,,2000,12,10,755,2720,,,,260,46,93400,393,686,2470,,0.343,686,0.0128,25,21,1.78,1.77,1.79,2.75,,
180,0,0,,700,700,1230000,,2000,12,11,747,2690,,,,268,44,88300,389,685,2470,,0.343,685,0.0126,25,20,1.91,1.91,1.9,2.86,,
150,2,2,,700,700,1170000,,2000,12,12,816,2940,,,,231,40,81500,423,751,2700,,0.37,741,0.0186,37,20,2.27,2.27,2.27,3.16,,
155,0,0,,700,700,1260000,,2000,12,13,803,2890,,,,234,40,80200,418,755,2720,,0.378,755,0.0201,40,19,2.34,2.35,2.33,3.15,,
169,0,0,,700,700,1370000,,2000,12,14,782,2820,,,,255,43,86800,404,724,2610,,0.362,724,0.0167,33,21,1.99,2,1.97,2.94,,
161,0,0,,700,700,1300000,,2000,12,15,784,2820,,,,251,45,91700,408,717,2580,,0.358,717,0.0159,31,22,1.91,1.94,1.89,2.88,,
164,0,0,0.105,700,700,1230000,0.477,2000,13,0,782,2820,-6.36e-11,0,0.001,246,41,82900,407,718,2580,-1.16,0.359,718,0.0159,31,20,2.11,2.12,2.09,3.07,,4360
158,0,0,,700,700,1460000,,2000,13,1,796,2870,,,,248,45,91100,414,742,2670,,0.371,742,0.0185,37,23,1.95,1.97,1.92,2.9,,
190,0,0,,700,700,1200000,,2000,13,2,742,2670,,,,273,41,83400,386,680,2450,,0.34,680,0.0117,23,21,2.03,2.04,2.01,2.98,,
205,0,0,,700,700,1280000,,2000,13,3,706,2540,,,,284,39,79600,366,652,2350,,0.326,652,0.0086,17,21,2.04,2.04,2.03,3.02,,
180,0,0,,700,700,1260000,,2000,13,4,738,2660,,,,261,40,80900,385,688,2480,,0.344,688,0.0125,24,20,2.12,2.13,2.1,3.05,,
181,0,0,,700,700,1370000,,2000,13,5,732,2640,,,,270,44,89200,381,673,2420,,0.337,673,0.0108,21,21,1.9,1.91,1.89,2.87,,
178,0,0,,700,700,1250000,,2000,13,6,747,2690,,,,258,40,80700,384,686,2470,,0.343,686,0.0122,24,20,2.14,2.15,2.12,3.07,,
206,0,0,,700,700,1300000,,2000,13,7,707,2550,,,,286,40,80300,369,659,2370,,0.33,659,0.00917,18,19,2.03,2.03,2.03,3.01,,
213,0,0,,700,700,1200000,,2000,13,8,718,2580,,,,298,43,86200,377,657,2370,,0.329,657,0.00891,17,20,1.9,1.91,1.88,2.91,,
179,0,0,,700,700,1220000,,2000,13,9,760,2740,,,,262,41,83500,395,700,2520,,0.35,700,0.0136,27,21,2.08,2.1,2.07,2.98,,
164,0,0,,700,700,1330000,,2000,13,10,791,2850,,,,253,44,89400,412,732,2640,,0.366,732,0.017,34,21,2.01,2.02,2,2.92,,
201,0,0,,700,700,1420000,,2000,13,11,719,2590,,,,289,44,88500,375,662,2380,,0.331,662,0.0093,18,20,1.91,1.93,1.89,2.86,,
180,0,0,,700,700,1190000,,2000,13,12,769,2770,,,,270,45,90700,401,700,2520,,0.35,700,0.0134,26,22,1.89,1.9,1.88,2.83,,
200,0,0,,700,700,1260000,,2000,13,13,715,2570,,,,281,41,81900,375,664,2390,,0.332,664,0.00942,18,19,2.03,2.04,2.02,2.98,,
168,0,0,,700,700,1240000,,2000,13,14,778,2800,,,,262,47,94300,405,707,2550,,0.353,707,0.0141,28,22,1.81,1.83,1.79,2.8,,
196,0,0,,700,700,1180000,,2000,13,15,744,2680,,,,282,43,86100,387,681,2450,,0.341,681,0.0112,22,21,1.94,1.95,1.94,2.9,,
162,0,0,0.117,700,700,1290000,0.527,2000,14,0,780,2810,-7.12e-11,0,0.001,255,46,93700,406,715,2570,-1.29,0.357,715,0.0149,29,21,1.89,1.91,1.87,2.81,,4700
167,0,0,,700,700,1400000,,2000,14,1,782,2820,,,,248,41,82500,407,734,2640,,0.367,734,0.0169,33,20,2.15,2.18,2.13,3.06,,
194,0,0,,700,700,1250000,,2000,14,2,734,2640,,,,275,40,81400,380,674,2430,,0.337,674,0.0103,20,21,2.02,2.04,2,2.99,,
192,0,0,,700,700,1380000,,2000,14,3,734,2640,,,,280,44,88900,383,677,2440,,0.339,677,0.0106,21,22,1.91,1.92,1.9,2.84,,
200,0,0,,700,700,1220000,,2000,14,4,736,2650,,,,283,41,83300,383,677,2440,,0.339,677,0.0105,21,20,2,2,1.99,2.96,,
160,0,0,,700,700,1250000,,2000,14,5,795,2860,,,,240,39,79800,414,745,2680,,0.372,745,0.018,35,21,2.32,2.33,2.31,3.15,,
205,0,0,,700,700,1300000,,2000,14,6,714,2570,,,,285,40,80400,372,664,2390,,0.332,664,0.00899,18,19,2.06,2.07,2.04,3.04,,
164,0,0,,700,700,1310000,,2000,14,7,791,2850,,,,250,43,86000,412,732,2640,,0.366,732,0.0165,32,20,2.04,2.05,2.03,3,,
162,0,0,,700,700,1260000,,2000,14,8,780,2810,,,,253,45,91200,405,714,2570,,0.357,714,0.0144,28,22,1.92,1.93,1.92,2.85,,
197,0,0,,700,700,1300000,,2000,14,9,739,2660,,,,276,39,79400,384,690,2480,,0.345,690,0.0117,23,19,2.11,2.12,2.1,3.06,,
187,0,0,,700,700,1190000,,2000,14,10,754,2710,,,,270,41,82700,393,696,2510,,0.348,696,0.0123,24,20,2.09,2.11,2.08,3.03,,
181,0,0,,700,700,1180000,,2000,14,11,762,2740,,,,264,41,83600,398,699,2520,,0.349,699,0.0126,25,21,2.04,2.06,2.02,3.02,,
195,0,0,,700,700,1360000,,2000,14,12,742,2670,,,,279,42,85100,389,695,2500,,0.347,695,0.0122,24,20,2,2.01,1.98,2.92,,
153,0,0,,700,700,1290000,,2000,14,13,806,2900,,,,233,40,80500,417,746,2690,,0.373,746,0.0178,35,19,2.22,2.23,2.22,3.14,,
173,0,0,,700,700,1540000,,2000,14,14,764,2750,,,,262,44,89600,394,710,2560,,0.355,710,0.0137,27,23,1.89,1.9,1.88,2.88,,
165,0,0,,700,700,1260000,,2000,14,15,786,2830,,,,245,40,80500,408,734,2640,,0.367,734,0.0164,32,19,2.28,2.29,2.26,3.14,,
190,0,0,0.111,700,700,1290000,0.406,2000,15,0,726,2610,4.95e-11,0,0.001,271,40,80600,377,673,2420,-1.14,0.337,673,0.00951,19,19,2.08,2.09,2.07,3.04,15,5040
178,0,0,,700,700,1270000,,2000,15,1,776,2790,,,,257,39,79200,402,721,2600,,0.36,721,0.0148,29,20,2.2,2.22,2.18,3.09,,
149,2,2,,700,700,1280000,,2000,15,2,813,2930,,,,239,45,90000,423,736,2650,,0.363,726,0.0153,30,21,1.93,1.92,1.95,2.98,,
155,0,0,,700,700,1200000,,2000,15,3,804,2890,,,,236,41,82000,416,740,2660,,0.37,740,0.0169,33,20,2.2,2.22,2.19,3.11,,
184,0,0,,700,700,1360000,,2000,15,4,766,2760,,,,272,44,88100,400,713,2570,,0.356,713,0.0138,27,23,1.94,1.96,1.92,2.84,,
177,0,0,,700,700,1330000,,2000,15,5,746,2690,,,,260,42,84200,388,688,2480,,0.344,688,0.0109,21,20,2.04,2.07,2.01,3,,
174,0,0,,700,700,1250000,,2000,15,6,785,2830,,,,261,43,86300,407,723,2600,,0.361,723,0.0148,29,21,2,1.99,2,2.99,,
158,0,0,,700,700,1310000,,2000,15,7,793,2850,,,,250,45,91800,411,727,2620,,0.363,727,0.0152,30,21,1.88,1.88,1.89,2.87,,
190,0,0,,700,700,1250000,,2000,15,8,731,2630,,,,280,45,90100,380,668,2400,,0.334,668,0.00857,17,22,1.88,1.9,1.85,2.81,,
193,0,0,,700,700,1250000,,2000,15,9,721,2600,,,,272,39,78800,373,664,2390,,0.332,664,0.00808,16,19,2.1,2.11,2.09,3.08,,
199,0,0,,700,700,1190000,,2000,15,10,708,2550,,,,280,40,81700,369,642,2310,,0.321,642,0.00558,11,20,2.01,2.03,2,3.03,,
184,0,0,,700,700,1420000,,2000,15,11,746,2690,,,,267,42,84800,389,699,2520,,0.349,699,0.0119,23,20,2.06,2.09,2.03,2.99,,
201,0,0,,700,700,1210000,,2000,15,12,734,2640,,,,287,43,86400,384,672,2420,,0.336,672,0.00886,17,20,1.92,1.92,1.91,2.92,,
191,0,0,,700,700,1300000,,2000,15,13,736,2650,,,,269,38,77800,383,685,2470,,0.343,685,0.0103,20,19,2.14,2.15,2.14,3.12,,
158,0,0,,700,700,1290000,,2000,15,14,790,2840,,,,236,39,79100,409,739,2660,,0.369,739,0.0163,32,19,2.32,2.33,2.3,3.16,,
181,0,0,,700,700,1270000,,2000,15,15,762,2740,,,,267,43,87200,398,699,2520,,0.349,699,0.0118,23,21,1.98,2.01,1.95,2.96,,
178,0,0,0.103,700,700,1400000,0.495,2000,16,0,760,2740,-1.68e-11,0,0.001,265,43,87600,395,701,2520,-1.07,0.35,701,0.012,23,21,1.93,1.94,1.92,2.97,,5370
154,0,0,,700,700,1440000,,2000,16,1,799,2880,,,,241,43,87700,415,747,2690,,0.373,747,0.0171,34,21,2.01,2.02,2,2.91,,
165,0,0,,700,700,1220000,,2000,16,2,765,2750,,,,244,39,79100,397,707,2550,,0.353,707,0.0125,25,19,2.16,2.17,2.16,3.08,,
166,0,0,,700,700,1140000,,2000,16,3,792,2850,,,,249,41,83600,413,725,2610,,0.362,725,0.0145,29,21,2.1,2.11,2.09,3.02,,
200,0,0,,700,700,1310000,,2000,16,4,727,2620,,,,278,39,78900,379,677,2440,,0.339,677,0.00908,18,20,2.12,2.13,2.11,3.09,,
163,0,0,,700,700,1270000,,2000,16,5,792,2850,,,,255,46,93400,411,723,2600,,0.361,723,0.0142,28,23,1.87,1.89,1.85,2.82,,
183,0,0,,700,700,1230000,,2000,16,6,772,2780,,,,267,42,84800,401,710,2560,,0.355,710,0.0127,25,21,2.01,2.03,2,2.94,,
203,0,0,,700,700,1260000,,2000,16,7,713,2570,,,,282,39,79900,372,661,2380,,0.331,661,0.00715,14,21,2.06,2.06,2.05,3.04,,
169,0,0,,700,700,1270000,,2000,16,8,784,2820,,,,259,45,90700,408,717,2580,,0.358,717,0.0135,26,21,1.9,1.9,1.89,2.87,,
169,0,0,,700,700,1250000,,2000,16,9,793,2850,,,,261,46,92900,412,723,2600,,0.361,723,0.0141,28,21,1.89,1.89,1.88,2.83,,
181,0,0,,700,700,1260000,,2000,16,10,740,2660,,,,262,40,81200,386,688,2480,,0.344,688,0.0101,20,20,2.12,2.13,2.1,3.05,,
206,0,0,,700,700,1280000,,2000,16,11,705,2540,,,,289,41,82900,369,655,2360,,0.328,655,0.00631,12,20,1.96,1.97,1.96,2.93,,
182,0,0,,700,700,1250000,,2000,16,12,739,2660,,,,263,40,81200,388,689,2480,,0.344,689,0.0101,20,19,2.06,2.08,2.05,3.01,,
185,0,0,,700,700,1270000,,2000,16,13,752,2710,,,,269,42,84400,393,696,2510,,0.348,696,0.0109,21,21,2.03,2.04,2.02,2.92,,
198,0,0,,700,700,1150000,,2000,16,14,721,2600,,,,279,40,81900,374,658,2370,,0.329,658,0.00655,13,19,2.02,2.03,2.01,2.99,,
191,0,0,,700,700,1210000,,2000,16,15,755,2720,,,,274,41,83400,391,690,2480,,0.345,690,0.0101,20,20,2.02,2.03,2.02,3,,
192,0,0,0.0947,700,700,1190000,0.539,2000,17,0,753,2710,6.17e-12,0,0.001,276,42,84400,392,692,2490,-0.756,0.346,692,0.0103,20,21,2.05,2.07,2.04,2.99,,5710
193,0,0,,700,700,1300000,,2000,17,1,744,2680,,,,273,40,80400,386,691,2490,,0.345,691,0.0102,20,20,2.1,2.11,2.09,3.04,,
177,0,0,,700,700,1320000,,2000,17,2,758,2730,,,,262,42,85600,392,697,2510,,0.348,697,0.0108,21,20,2.03,2.03,2.02,2.95,,
188,0,0,,700,700,1310000,,2000,17,3,731,2630,,,,267,40,79900,380,681,2450,,0.341,681,0.00898,18,20,2.1,2.12,2.08,3.07,,
201,0,0,,700,700,1280000,,2000,17,4,713,2570,,,,282,40,81200,372,661,2380,,0.331,661,0.00668,13,19,2.04,2.04,2.03,3.03,,
171,0,0,,700,700,1180000,,2000,17,5,767,2760,,,,259,44,89300,401,699,2520,,0.349,699,0.011,21,21,1.95,1.97,1.93,2.88,,
203,0,0,,700,700,1270000,,2000,17,6,711,2560,,,,283,40,80000,374,666,2400,,0.333,666,0.00719,14,21,2.06,2.07,2.05,3.05,,
158,0,0,,700,700,1230000,,2000,17,7,800,2880,,,,249,45,91300,413,724,2610,,0.362,724,0.0137,27,22,1.93,1.95,1.91,2.88,,
192,0,0,,700,700,1250000,,2000,17,8,725,2610,,,,273,40,80600,377,669,2410,,0.335,669,0.00746,14,20,2.07,2.07,2.06,3.05,,
200,0,0,,700,700,1250000,,2000,17,9,728,2620,,,,282,41,82300,379,675,2430,,0.338,675,0.00811,16,21,2.04,2.05,2.04,3,,
198,0,0,,700,700,1270000,,2000,17,10,716,2580,,,,280,40,81600,372,660,2380,,0.33,660,0.00638,12,19,2.01,2.02,2,2.99,,
221,0,0,,700,700,1270000,,2000,17,11,646,2330,,,,308,43,87900,338,585,2110,,0.292,585,-0.00212,-4.25,20,1.71,1.72,1.7,2.79,,
178,0,0,,700,700,1230000,,2000,17,12,765,2750,,,,270,46,92200,396,692,2490,,0.346,692,0.00993,19,22,1.81,1.81,1.8,2.8,,
208,0,0,,700,700,1330000,,2000,17,13,711,2560,,,,289,40,81000,373,668,2400,,0.334,668,0.0072,14,19,2.03,2.04,2.02,3.01,,
206,0,0,,700,700,1260000,,2000,17,14,709,2550,,,,286,40,80200,372,660,2380,,0.33,660,0.00627,12,19,2.04,2.05,2.04,3.02,,
176,0,0,,700,700,1240000,,2000,17,15,763,2750,,,,262,43,86800,397,701,2520,,0.35,701,0.0109,21,21,2.01,2.03,2,2.96,,
198,0,0,0.0874,700,700,1270000,0.544,2000,18,0,718,2580,3.9e-11,0,0.001,278,40,81100,374,663,2390,-0.835,0.332,663,0.00655,13,19,2.04,2.05,2.03,3.01,,6040
191,0,0,,700,700,1270000,,2000,18,1,724,2610,,,,271,40,80600,377,669,2410,,0.335,669,0.0072,14,20,2.07,2.07,2.06,3.04,,
180,0,0,,700,700,1180000,,2000,18,2,757,2730,,,,269,44,89600,392,682,2460,,0.341,682,0.00864,17,22,1.87,1.88,1.87,2.86,,
190,0,0,,700,700,1270000,,2000,18,3,727,2620,,,,270,40,80300,378,668,2400,,0.334,668,0.00703,14,19,2.08,2.08,2.08,3.05,,
199,0,0,,700,700,1280000,,2000,18,4,715,2570,,,,279,39,79500,373,663,2390,,0.332,663,0.00644,12,20,2.08,2.08,2.07,3.05,,
164,0,0,,700,700,1180000,,2000,18,5,791,2850,,,,242,39,78900,413,733,2640,,0.366,733,0.0143,28,20,2.23,2.25,2.21,3.11,,
179,0,0,,700,700,1150000,,2000,18,6,780,2810,,,,263,42,84300,401,708,2550,,0.354,708,0.0115,22,20,2.03,2.04,2.02,2.99,,
192,0,0,,700,700,1250000,,2000,18,7,724,2610,,,,277,42,85200,378,668,2400,,0.334,668,0.00691,13,21,1.93,1.94,1.93,2.89,,
208,0,0,,700,700,1280000,,2000,18,8,708,2550,,,,289,40,80700,370,659,2370,,0.33,659,0.00587,11,21,2.02,2.03,2.02,3.01,,
191,0,0,,700,700,1290000,,2000,18,9,735,2650,,,,270,39,79700,385,689,2480,,0.344,689,0.00922,18,20,2.11,2.12,2.1,3.07,,
180,0,0,,700,700,1360000,,2000,18,10,767,2760,,,,271,46,92000,400,708,2550,,0.354,708,0.0113,22,22,1.88,1.89,1.86,2.83,,
160,0,0,,700,700,1270000,,2000,18,11,791,2850,,,,238,39,78300,411,739,2660,,0.369,739,0.0148,29,20,2.26,2.28,2.25,3.14,,
163,0,0,,700,700,1330000,,2000,18,12,768,2760,,,,256,46,93100,399,704,2530,,0.352,704,0.0108,21,21,1.82,1.83,1.81,2.81,,
173,0,0,,700,700,1240000,,2000,18,13,763,2750,,,,251,38,77800,398,711,2560,,0.355,711,0.0116,23,19,2.2,2.2,2.19,3.14,,
198,0,0,,700,700,1290000,,2000,18,14,715,2570,,,,278,40,79900,371,661,2380,,0.331,661,0.0059,11,19,2.06,2.07,2.05,3.05,,
195,0,0,,700,700,1280000,,2000,18,15,722,2600,,,,275,40,80500,379,674,2430,,0.337,674,0.00734,14,19,2.08,2.1,2.07,3.06,,
164,0,0,0.0948,700,700,1300000,0.421,2000,19,0,781,2810,5.33e-11,0,0.001,242,39,79000,406,729,2620,-0.871,0.364,729,0.0135,27,20,2.24,2.26,2.23,3.14,,6370
186,0,0,,700,700,1260000,,2000,19,1,738,2660,,,,270,41,83900,385,685,2470,,0.343,685,0.00853,17,20,2.03,2.03,2.02,2.96,,
174,0,0,,700,700,1320000,,2000,19,2,776,2790,,,,258,42,85400,404,719,2590,,0.359,719,0.0124,24,20,2.06,2.08,2.04,2.98,,
164,0,0,,700,700,1250000,,2000,19,3,794,2860,,,,246,41,82900,411,733,2640,,0.366,733,0.0139,27,21,2.24,2.25,2.22,3.07,,
172,0,0,,700,700,1300000,,2000,19,4,762,2740,,,,263,46,92500,398,700,2520,,0.35,700,0.0101,20,22,1.84,1.86,1.83,2.81,,
170,0,0,,700,700,1310000,,2000,19,5,780,2810,,,,252,41,82500,405,728,2620,,0.364,728,0.0133,26,19,2.09,2.12,2.06,3,,
167,0,0,,700,700,1380000,,2000,19,6,781,2810,,,,254,43,87000,408,728,2620,,0.364,728,0.0133,26,21,1.98,1.99,1.97,2.89,,
186,2,2,,700,700,1220000,,2000,19,7,733,2640,,,,267,40,81100,382,673,2420,,0.332,663,0.00584,11,19,2.07,2.07,2.07,3.04,,
189,0,0,,700,700,1250000,,2000,19,8,729,2620,,,,272,41,82700,380,673,2420,,0.337,673,0.00696,13,20,2.04,2.04,2.03,2.98,,
176,0,0,,700,700,1250000,,2000,19,9,774,2790,,,,262,43,86900,405,714,2570,,0.357,714,0.0116,23,23,2,2.03,1.98,2.99,,
183,0,0,,700,700,1480000,,2000,19,10,766,2760,,,,271,44,88100,400,719,2590,,0.359,719,0.0121,24,22,1.93,1.93,1.93,2.87,,
198,0,0,,700,700,1290000,,2000,19,11,718,2580,,,,278,39,79700,370,663,2390,,0.332,663,0.00573,11,19,2.08,2.09,2.07,3.06,,
182,0,0,,700,700,1300000,,2000,19,12,742,2670,,,,270,44,88000,385,680,2450,,0.34,680,0.00765,15,20,1.94,1.96,1.92,2.9,,
199,0,0,,700,700,1530000,,2000,19,13,696,2510,,,,289,45,90800,363,647,2330,,0.324,647,0.00386,7.73,21,1.8,1.82,1.78,2.77,,
204,0,0,,700,700,1280000,,2000,19,14,710,2560,,,,284,40,80000,370,661,2380,,0.331,661,0.00544,10,19,2.06,2.07,2.05,3.04,,
201,0,0,,700,700,1290000,,2000,19,15,713,2570,,,,284,41,83200,373,665,2390,,0.333,665,0.00587,11,20,1.98,1.99,1.97,2.93,,
185,0,0,0.0921,700,700,1280000,0.536,2000,20,0,732,2640,1.83e-11,0,0.001,265,40,80700,379,676,2430,-0.916,0.338,676,0.0071,14,20,2.07,2.09,2.06,3.02,20,6710
200,0,0,,700,700,1280000,,2000,20,1,716,2580,,,,282,41,82500,377,668,2400,,0.334,668,0.00617,12,20,2.01,2.02,2,2.99,,
191,0,0,,700,700,1260000,,2000,20,2,733,2640,,,,274,41,83600,382,677,2440,,0.339,677,0.00717,14,21,2.04,2.06,2.02,2.97,,
181,0,0,,700,700,1430000,,2000,20,3,776,2790,,,,267,43,86100,403,728,2620,,0.364,728,0.0129,25,20,1.99,2,1.99,2.92,,
204,0,0,,700,700,1290000,,2000,20,4,707,2550,,,,284,40,80000,371,660,2380,,0.33,660,0.00518,10,19,2.04,2.05,2.04,3.03,,
175,0,0,,700,700,1320000,,2000,20,5,765,2750,,,,251,38,76800,397,713,2570,,0.356,713,0.0112,22,19,2.24,2.24,2.23,3.18,,
158,0,0,,700,700,1270000,,2000,20,6,809,2910,,,,238,40,80400,420,761,2740,,0.381,761,0.0166,33,19,2.35,2.36,2.34,3.16,,
193,0,0,,700,700,1250000,,2000,20,7,727,2620,,,,275,41,82400,379,672,2420,,0.336,672,0.00645,12,20,2.04,2.05,2.02,3,,
166,0,0,,700,700,1140000,,2000,20,8,787,2830,,,,245,39,79200,408,724,2610,,0.362,724,0.0123,24,20,2.17,2.18,2.17,3.09,,
189,0,0,,700,700,1230000,,2000,20,9,735,2650,,,,269,40,80600,384,678,2440,,0.339,678,0.00708,14,19,2.1,2.11,2.1,3.06,,
155,0,0,,700,700,1220000,,2000,20,10,815,2930,,,,241,43,86500,422,748,2690,,0.374,748,0.015,30,21,2.04,2.05,2.04,2.98,,
182,0,0,,700,700,1230000,,2000,20,11,746,2690,,,,263,40,81000,389,690,2480,,0.345,690,0.00839,16,21,2.13,2.15,2.12,3.08,,
160,0,0,,700,700,1240000,,2000,20,12,788,2840,,,,241,40,80900,413,738,2660,,0.369,738,0.0138,27,20,2.27,2.28,2.26,3.12,,
204,0,0,,700,700,1320000,,2000,20,13,728,2620,,,,284,40,80900,381,683,2460,,0.342,683,0.00754,15,20,2.08,2.09,2.07,3.02,,
160,0,0,,700,700,1120000,,2000,20,14,793,2850,,,,238,39,79500,409,724,2610,,0.362,724,0.0122,24,19,2.23,2.27,2.2,3.13,,
182,0,0,,700,700,1300000,,2000,20,15,746,2690,,,,261,39,79200,388,695,2500,,0.347,695,0.00886,17,20,2.15,2.16,2.13,3.11,,
184,0,0,0.103,700,700,1290000,0.465,2000,21,0,752,2710,4.89e-11,0,0.001,272,44,89100,391,691,2490,-0.604,0.345,691,0.00837,16,20,1.93,1.96,1.9,2.94,,7030
179,0,0,,700,700,1210000,,2000,21,1,747,2690,,,,259,40,80000,388,690,2480,,0.345,690,0.00824,16,20,2.11,2.12,2.11,3.06,,
179,0,0,,700,700,1200000,,2000,21,2,739,2660,,,,258,39,79500,381,677,2440,,0.339,677,0.00673,13,19,2.14,2.14,2.13,3.09,,
189,0,0,,700,700,1240000,,2000,21,3,730,2630,,,,269,40,81000,379,671,2420,,0.336,671,0.00602,12,19,2.08,2.09,2.06,3.03,,
199,0,0,,700,700,1280000,,2000,21,4,719,2590,,,,281,41,82500,375,667,2400,,0.334,667,0.00555,11,20,2.01,2.01,2,2.97,,
174,0,0,,700,700,1250000,,2000,21,5,743,2670,,,,265,45,91200,386,675,2430,,0.338,675,0.00644,12,21,1.86,1.87,1.85,2.81,,
183,0,0,,700,700,1160000,,2000,21,6,762,2740,,,,271,44,89100,396,686,2470,,0.343,686,0.00767,15,21,1.9,1.91,1.89,2.89,,
204,0,0,,700,700,1250000,,2000,21,7,709,2550,,,,284,40,80600,370,658,2370,,0.329,658,0.00446,8.91,20,2.03,2.03,2.02,3.01,,
203,0,0,,700,700,1250000,,2000,21,8,717,2580,,,,284,40,81700,377,669,2410,,0.335,669,0.0057,11,19,2.04,2.05,2.03,3,,
180,0,0,,700,700,1110000,,2000,21,9,760,2740,,,,263,41,83700,396,689,2480,,0.344,689,0.00796,15,20,2.09,2.11,2.07,3.01,,
177,0,0,,700,700,1230000,,2000,21,10,744,2680,,,,258,40,81700,388,686,2470,,0.343,686,0.00759,15,20,2.07,2.09,2.05,3.02,,
180,0,0,,700,700,1210000,,2000,21,11,738,2660,,,,261,40,81500,385,679,2440,,0.34,679,0.00677,13,20,2.09,2.11,2.07,3.06,,
166,0,0,,700,700,1280000,,2000,21,12,780,2810,,,,244,39,78700,404,725,2610,,0.362,725,0.012,24,20,2.24,2.26,2.22,3.14,,
202,0,0,,700,700,1210000,,2000,21,13,711,2560,,,,283,40,81200,373,656,2360,,0.328,656,0.0041,8.2,21,2.02,2.02,2.02,2.99,,
211,0,0,,700,700,1270000,,2000,21,14,706,2540,,,,291,39,79700,368,657,2370,,0.329,657,0.0042,8.4,20,2.05,2.06,2.04,3.03,,
171,0,0,,700,700,1210000,,2000,21,15,759,2730,,,,251,40,79900,393,699,2520,,0.349,699,0.00897,17,20,2.14,2.15,2.13,3.08,,
199,0,0,0.0971,700,700,1260000,0.434,2000,22,0,715,2570,-7.77e-11,0,0.001,278,40,80000,373,663,2390,-0.62,0.332,663,0.00484,9.69,19,2.06,2.07,2.05,3.05,,7360
189,0,0,,700,700,1300000,,2000,22,1,733,2640,,,,271,41,82000,382,678,2440,,0.339,678,0.00654,13,20,2.06,2.07,2.06,3.02,,
169,2,2,,700,700,1340000,,2000,22,2,759,2730,,,,256,43,87600,391,692,2490,,0.341,682,0.00697,13,21,1.97,1.98,1.96,2.91,,
197,0,0,,700,700,1250000,,2000,22,3,718,2580,,,,278,40,81000,373,661,2380,,0.331,661,0.00456,9.12,19,2.03,2.04,2.03,3.01,,
189,0,0,,700,700,1310000,,2000,22,4,734,2640,,,,271,41,83000,387,686,2470,,0.343,686,0.00739,14,19,2.07,2.1,2.04,3.01,,
185,0,0,,700,700,1190000,,2000,22,5,738,2660,,,,275,45,91000,382,661,2380,,0.331,661,0.00452,9.05,22,1.81,1.84,1.79,2.81,,
197,0,0,,700,700,1290000,,2000,22,6,723,2600,,,,280,41,83100,379,674,2430,,0.337,674,0.00599,12,21,2.02,2.03,2.01,2.97,,
171,0,0,,700,700,1210000,,2000,22,7,767,2760,,,,259,44,88900,397,690,2480,,0.345,690,0.00779,15,21,1.9,1.92,1.89,2.87,,
179,0,0,,700,700,1320000,,2000,22,8,767,2760,,,,257,39,78500,399,718,2580,,0.359,718,0.011,21,20,2.18,2.21,2.15,3.12,,
176,0,0,,700,700,1300000,,2000,22,9,785,2830,,,,255,39,79000,407,731,2630,,0.365,731,0.0124,24,19,2.31,2.32,2.3,3.18,,
187,0,0,,700,700,1280000,,2000,22,10,733,2640,,,,266,40,80100,379,675,2430,,0.338,675,0.00601,12,19,2.11,2.12,2.1,3.08,,
170,0,0,,700,700,1120000,,2000,22,11,778,2800,,,,251,40,81300,405,714,2570,,0.357,714,0.0104,20,20,2.16,2.17,2.15,3.07,,
194,0,0,,700,700,1270000,,2000,22,12,690,2480,,,,279,42,84700,359,629,2260,,0.315,629,0.000724,1.45,20,1.86,1.87,1.86,2.92,,
184,0,0,,700,700,1280000,,2000,22,13,733,2640,,,,261,39,78100,377,675,2430,,0.338,675,0.00595,11,20,2.15,2.17,2.14,3.12,,
205,0,0,,700,700,1260000,,2000,22,14,708,2550,,,,285,40,80400,370,657,2370,,0.329,657,0.00389,7.77,21,2.03,2.03,2.02,3.03,,
162,0,0,,700,700,1270000,,2000,22,15,784,2820,,,,241,39,79500,407,734,2640,,0.367,734,0.0126,25,20,2.29,2.3,2.28,3.16,,
177,0,0,0.108,700,700,1620000,0.499,2000,23,0,746,2690,8.21e-11,0,0.001,266,45,90500,392,707,2550,-0.69,0.353,707,0.00953,19,21,1.89,1.92,1.86,2.91,,7690
182,0,0,,700,700,1190000,,2000,23,1,776,2790,,,,268,43,87000,402,706,2540,,0.353,706,0.00939,18,21,1.98,2,1.96,2.94,,
197,0,0,,700,700,1130000,,2000,23,2,726,2610,,,,278,40,80700,380,666,2400,,0.333,666,0.00482,9.63,19,2.07,2.08,2.06,3.03,,
181,0,0,,700,700,1350000,,2000,23,3,772,2780,,,,259,39,78600,401,725,2610,,0.362,725,0.0115,23,19,2.22,2.23,2.21,3.12,,
178,0,0,,700,700,1230000,,2000,23,4,738,2660,,,,267,44,89100,386,676,2430,,0.338,676,0.00591,11,22,1.9,1.92,1.88,2.85,,
178,0,0,,700,700,1200000,,2000,23,5,770,2770,,,,266,44,88300,398,700,2520,,0.35,700,0.00863,17,21,1.92,1.92,1.92,2.89,,
175,0,0,,700,700,1320000,,2000,23,6,776,2790,,,,261,43,85900,403,719,2590,,0.359,719,0.0108,21,20,2,2.02,1.99,2.92,,
193,0,0,,700,700,1370000,,2000,23,7,724,2610,,,,277,42,83900,377,672,2420,,0.336,672,0.00539,10,21,1.97,1.98,1.97,2.96,,
194,0,0,,700,700,1280000,,2000,23,8,720,2590,,,,274,40,80500,375,668,2400,,0.334,668,0.00492,9.84,19,2.06,2.06,2.05,3.03,,
198,0,0,,700,700,1370000,,2000,23,9,725,2610,,,,281,41,82800,377,679,2440,,0.34,679,0.00616,12,20,2.03,2.05,2.02,2.98,,
174,0,0,,700,700,1270000,,2000,23,10,764,2750,,,,259,43,86000,396,705,2540,,0.352,705,0.00911,18,21,2.05,2.06,2.03,2.95,,
193,0,0,,700,700,1190000,,2000,23,11,756,2720,,,,282,45,90200,394,688,2480,,0.344,688,0.00715,14,21,1.88,1.89,1.86,2.82,,
168,0,0,,700,700,1280000,,2000,23,12,759,2730,,,,246,39,79000,398,711,2560,,0.355,711,0.00975,19,19,2.23,2.24,2.21,3.14,,
199,0,0,,700,700,1230000,,2000,23,13,711,2560,,,,293,46,93500,371,648,2330,,0.324,648,0.00255,5.1,22,1.73,1.73,1.73,2.65,,
160,0,0,,700,700,1230000,,2000,23,14,784,2820,,,,249,45,90200,407,714,2570,,0.357,714,0.0101,20,22,1.95,1.98,1.92,2.9,,
193,0,0,,700,700,1290000,,2000,23,15,722,2600,,,,278,43,86000,377,665,2390,,0.333,665,0.00445,8.91,23,1.93,1.94,1.92,2.9,,
175,0,0,0.123,700,700,1240000,0.492,2000,24,0,776,2790,2.43e-12,0,0.001,264,44,89900,402,707,2550,-0.753,0.353,707,0.00923,18,22,1.93,1.95,1.91,2.88,,8030
152,0,0,,700,700,1360000,,2000,24,1,807,2910,,,,236,42,84300,416,746,2690,,0.373,746,0.0137,27,22,2.1,2.1,2.1,3.1,,
180,0,0,,700,700,1350000,,2000,24,2,767,2760,,,,263,42,84300,401,719,2590,,0.359,719,0.0106,21,20,2.07,2.09,2.05,2.96,,
184,0,0,,700,700,1250000,,2000,24,3,754,2710,,,,268,42,84400,394,697,2510,,0.348,697,0.00802,16,20,2.04,2.05,2.03,3.02,,
185,0,0,,700,700,1220000,,2000,24,4,734,2640,,,,271,43,87000,382,667,2400,,0.334,667,0.00457,9.14,21,1.95,1.97,1.93,2.88,,
207,0,0,,700,700,1310000,,2000,24,5,708,2550,,,,288,40,81500,371,662,2380,,0.331,662,0.00399,7.98,19,2.01,2.02,2.01,2.98,,
202,0,0,,700,700,1260000,,2000,24,6,715,2570,,,,283,40,80900,373,661,2380,,0.331,661,0.00386,7.73,19,2.05,2.06,2.04,3.02,,
160,0,0,,700,700,1230000,,2000,24,7,777,2800,,,,239,39,78900,404,723,2600,,0.361,723,0.0109,21,20,2.28,2.29,2.27,3.17,,
188,0,0,,700,700,1300000,,2000,24,8,756,2720,,,,267,40,79900,394,704,2530,,0.352,704,0.00874,17,19,2.14,2.15,2.12,3.06,,
171,0,0,,700,700,1270000,,2000,24,9,770,2770,,,,266,47,95000,399,700,2520,,0.35,700,0.00826,16,23,1.77,1.79,1.76,2.76,,
201,0,0,,700,700,1290000,,2000,24,10,727,2620,,,,280,39,79000,377,673,2420,,0.337,673,0.00516,10,19,2.08,2.09,2.08,3.06,,
172,0,0,,700,700,1420000,,2000,24,11,772,2780,,,,262,45,90200,402,716,2580,,0.358,716,0.0101,20,21,1.88,1.89,1.87,2.87,,
162,0,0,,700,700,1150000,,2000,24,12,808,2910,,,,242,40,81200,419,746,2690,,0.373,746,0.0135,26,20,2.29,2.31,2.27,3.13,,
188,0,0,,700,700,1280000,,2000,24,13,737,2650,,,,267,40,80000,383,680,2450,,0.34,680,0.00589,11,18,2.13,2.14,2.11,3.09,,
205,0,0,,700,700,1260000,,2000,24,14,712,2560,,,,285,40,80200,372,660,2380,,0.33,660,0.00359,7.18,19,2.04,2.04,2.04,3.02,,
191,0,0,,700,700,1190000,,2000,24,15,761,2740,,,,274,41,82400,398,703,2530,,0.351,703,0.0085,17,21,2.06,2.07,2.06,3.02,,
