backlog step,collisions,collisions human,flow horizontal,flow vertical,fuel,horizon,i,ii,inflow,inflow hourly,n total veh step,n veh step mean,n veh step sum,n veh unique,outflow,outflow hourly,raw reward mean,raw reward sum,reward mean,reward sum,rollout time,speed,speed human,speed rl,speed rl std
583,0,0,850,850,1520000,2000,0,0,211,760,679,49,99100,128,156,562,0.078,156,-0.00358,-7.17,22,0.427,0.444,0.411,0.78
586,0,0,850,850,1500000,2000,0,1,210,756,683,50,100000,125,148,533,0.074,148,-2.01e-05,-0.0402,24,0.42,0.439,0.403,0.771
580,0,0,850,850,1400000,2000,0,2,219,788,678,50,101000,130,146,526,0.073,146,-0.000569,-1.14,25,0.425,0.442,0.41,0.774
585,0,0,850,850,1410000,2000,0,3,218,785,687,52,105000,133,148,533,0.074,148,6.49e-05,0.13,24,0.416,0.433,0.4,0.752
582,0,0,850,850,1510000,2000,0,4,215,774,676,48,97700,129,158,569,0.079,158,0.00164,3.28,23,0.447,0.466,0.43,0.791
585,0,0,850,850,1490000,2000,0,5,204,734,680,48,97900,124,145,522,0.0725,145,-0.00104,-2.08,23,0.416,0.433,0.399,0.8
574,0,0,850,850,1550000,2000,0,6,228,821,673,51,102000,139,174,626,0.087,174,0.00436,8.72,24,0.455,0.473,0.439,0.788
583,0,0,850,850,1540000,2000,0,7,203,731,682,51,102000,123,141,508,0.0705,141,-0.0022,-4.4,26,0.407,0.421,0.394,0.76
577,0,0,850,850,1580000,2000,0,8,215,774,673,49,99200,129,160,576,0.08,160,0.00153,3.05,23,0.444,0.465,0.425,0.799
592,0,0,850,850,1450000,2000,0,9,195,702,687,48,97900,120,133,479,0.0665,133,-0.00371,-7.42,23,0.406,0.423,0.39,0.757
583,0,0,850,850,1400000,2000,0,10,216,778,680,49,99600,130,151,544,0.0755,151,4.3e-05,0.086,23,0.445,0.464,0.427,0.792
573,0,0,850,850,1340000,2000,0,11,229,824,671,50,101000,133,150,540,0.075,150,-0.000201,-0.402,24,0.448,0.465,0.431,0.785
585,0,0,850,850,1500000,2000,0,12,211,760,683,50,102000,129,153,551,0.0765,153,0.000481,0.962,26,0.418,0.435,0.402,0.767
575,0,0,850,850,1450000,2000,0,13,229,824,672,50,100000,135,165,594,0.0825,165,0.00278,5.57,23,0.455,0.472,0.44,0.777
582,0,0,850,850,1440000,2000,0,14,217,781,682,51,104000,130,150,540,0.075,150,-0.000344,-0.687,23,0.42,0.435,0.406,0.753
587,0,0,850,850,1400000,2000,0,15,210,756,684,49,99700,128,144,518,0.072,144,-0.00155,-3.1,22,0.41,0.424,0.397,0.758
581,0,0,850,850,1410000,2000,0,16,224,806,678,50,100000,137,162,583,0.081,162,0.0022,4.4,23,0.451,0.47,0.433,0.806
574,0,0,850,850,1500000,2000,0,17,229,824,669,49,98200,136,168,605,0.084,168,0.00332,6.64,25,0.469,0.488,0.45,0.813
580,0,0,850,850,1420000,2000,0,18,227,817,679,50,101000,137,161,580,0.0805,161,0.00172,3.45,23,0.449,0.465,0.435,0.799
579,0,0,850,850,1380000,2000,0,19,219,788,677,50,100000,129,144,518,0.072,144,-0.00188,-3.76,22,0.43,0.444,0.416,0.785
587,0,0,850,850,1500000,2000,0,20,202,727,686,50,102000,124,142,511,0.071,142,-0.00221,-4.42,22,0.397,0.414,0.382,0.745
573,0,0,850,850,1540000,2000,0,21,227,817,669,49,98500,136,171,616,0.0855,171,0.00388,7.76,24,0.466,0.483,0.449,0.808
584,0,0,850,850,1510000,2000,0,22,206,742,683,51,102000,124,145,522,0.0725,145,-0.00168,-3.36,24,0.405,0.421,0.39,0.758
575,0,0,850,850,1510000,2000,0,23,222,799,671,49,99100,133,162,583,0.081,162,0.00192,3.84,23,0.449,0.466,0.433,0.807
594,0,0,850,850,1500000,2000,0,24,196,706,691,50,101000,121,142,511,0.071,142,-0.0023,-4.61,23,0.403,0.418,0.389,0.748
581,0,0,850,850,1460000,2000,0,25,217,781,681,51,103000,132,153,551,0.0765,153,7.91e-05,0.158,23,0.42,0.437,0.403,0.766
578,0,0,850,850,1530000,2000,0,26,224,806,679,51,103000,134,165,594,0.0825,165,0.00262,5.23,25,0.435,0.449,0.422,0.782
580,0,0,850,850,1580000,2000,0,27,212,763,676,49,99400,128,157,565,0.0785,157,0.000816,1.63,23,0.424,0.438,0.411,0.795
582,0,0,850,850,1490000,2000,0,28,224,806,677,49,98400,133,167,601,0.0835,167,0.00291,5.81,22,0.469,0.489,0.45,0.792
581,0,0,850,850,1470000,2000,0,29,214,770,679,50,101000,129,155,558,0.0775,155,0.000251,0.501,23,0.424,0.441,0.408,0.772
583,0,0,850,850,1370000,2000,0,30,217,781,681,50,100000,129,147,529,0.0735,147,-0.00142,-2.85,26,0.431,0.445,0.418,0.776
581,0,0,850,850,1470000,2000,0,31,223,803,677,49,99700,133,159,572,0.0795,159,0.00117,2.33,22,0.45,0.468,0.434,0.786
584,0,0,850,850,1510000,2000,0,32,213,767,676,47,95700,127,153,551,0.0765,153,-0.000126,-0.253,22,0.44,0.458,0.424,0.823
582,0,0,850,850,1500000,2000,0,33,211,760,681,50,102000,129,154,554,0.077,154,4.66e-05,0.0932,23,0.419,0.436,0.403,0.765
579,0,0,850,850,1450000,2000,0,34,216,778,675,49,98900,130,152,547,0.076,152,-0.000374,-0.748,23,0.449,0.468,0.431,0.795
576,0,0,850,850,1530000,2000,0,35,223,803,671,49,98100,133,167,601,0.0835,167,0.00281,5.63,24,0.465,0.484,0.448,0.812
587,0,0,850,850,1540000,2000,0,36,204,734,684,50,100000,126,150,540,0.075,150,-0.000849,-1.7,23,0.419,0.435,0.404,0.766
579,0,0,850,850,1430000,2000,0,37,217,781,675,49,98800,132,155,558,0.0775,155,0.000203,0.407,22,0.432,0.449,0.416,0.784
582,0,0,850,850,1400000,2000,0,38,220,792,677,49,98000,132,156,562,0.078,156,0.000431,0.861,22,0.46,0.482,0.44,0.814
585,0,0,850,850,1470000,2000,0,39,209,752,680,48,97700,129,152,547,0.076,152,-0.000442,-0.884,24,0.425,0.444,0.408,0.805
592,0,0,850,850,1420000,2000,0,40,204,734,686,48,97100,125,145,522,0.0725,145,-0.00191,-3.82,22,0.433,0.451,0.416,0.775
584,0,0,850,850,1400000,2000,0,41,211,760,682,50,101000,129,145,522,0.0725,145,-0.00189,-3.77,23,0.42,0.438,0.403,0.756
576,0,0,850,850,1420000,2000,0,42,231,832,673,50,100000,136,165,594,0.0825,165,0.00245,4.91,24,0.466,0.483,0.45,0.812
571,0,0,850,850,1480000,2000,0,43,229,824,670,51,102000,138,164,590,0.082,164,0.00218,4.35,24,0.448,0.464,0.432,0.807
586,0,0,850,850,1480000,2000,0,44,207,745,685,50,102000,123,142,511,0.071,142,-0.00257,-5.14,25,0.401,0.416,0.388,0.754
583,0,0,850,850,1430000,2000,0,45,214,770,685,52,105000,131,147,529,0.0735,147,-0.00145,-2.9,23,0.415,0.43,0.401,0.751
583,0,0,850,850,1400000,2000,0,46,220,792,682,51,103000,131,149,536,0.0745,149,-0.000984,-1.97,23,0.42,0.438,0.404,0.772
583,0,0,850,850,1440000,2000,0,47,214,770,681,50,101000,129,149,536,0.0745,149,-0.000964,-1.93,23,0.427,0.441,0.413,0.779
579,0,0,850,850,1600000,2000,0,48,213,767,676,49,99700,128,157,565,0.0785,157,0.000778,1.56,23,0.429,0.445,0.413,0.764
581,0,0,850,850,1530000,2000,0,49,216,778,681,51,102000,131,157,565,0.0785,157,0.00077,1.54,25,0.426,0.443,0.409,0.759
586,0,0,850,850,1510000,2000,0,50,210,756,682,49,99200,126,151,544,0.0755,151,-0.000542,-1.08,23,0.422,0.438,0.406,0.782
599,0,0,850,850,1610000,2000,0,51,198,713,697,50,101000,122,146,526,0.073,146,-0.00158,-3.16,23,0.404,0.42,0.389,0.747
579,0,0,850,850,1500000,2000,0,52,215,774,674,49,98400,126,153,551,0.0765,153,-7.91e-05,-0.158,23,0.439,0.457,0.422,0.806
581,0,0,850,850,1440000,2000,0,53,215,774,678,50,101000,131,153,551,0.0765,153,-9.01e-05,-0.18,23,0.427,0.445,0.409,0.762
573,0,0,850,850,1410000,2000,0,54,230,828,670,50,101000,137,162,583,0.081,162,0.00183,3.66,25,0.451,0.468,0.434,0.811
585,0,0,850,850,1480000,2000,0,55,217,781,680,49,98300,129,157,565,0.0785,157,0.000761,1.52,23,0.44,0.459,0.423,0.764
586,0,0,850,850,1510000,2000,0,56,203,731,683,50,100000,123,141,508,0.0705,141,-0.00267,-5.35,24,0.408,0.425,0.392,0.763
577,0,0,850,850,1410000,2000,0,57,230,828,672,49,98400,137,165,594,0.0825,165,0.00248,4.96,23,0.469,0.487,0.452,0.812
588,0,0,850,850,1400000,2000,0,58,202,727,686,50,101000,123,132,475,0.066,132,-0.0046,-9.2,24,0.397,0.411,0.383,0.751
582,0,0,850,850,1440000,2000,0,59,221,796,679,50,101000,133,156,562,0.078,156,0.000611,1.22,25,0.455,0.473,0.439,0.801
582,0,0,850,850,1520000,2000,0,60,216,778,680,50,101000,131,157,565,0.0785,157,0.000816,1.63,23,0.428,0.445,0.413,0.78
582,0,0,850,850,1560000,2000,0,61,214,770,677,48,97600,126,159,572,0.0795,159,0.00123,2.46,22,0.441,0.46,0.423,0.791
584,0,0,850,850,1520000,2000,0,62,210,756,681,49,99700,127,152,547,0.076,152,-0.00029,-0.581,23,0.428,0.447,0.411,0.766
579,0,0,850,850,1450000,2000,0,63,221,796,679,51,103000,131,152,547,0.076,152,-0.000287,-0.574,24,0.429,0.446,0.414,0.765
583,0,0,850,850,1420000,2000,0,64,212,763,681,50,100000,129,144,518,0.072,144,-0.00201,-4.01,26,0.412,0.426,0.398,0.763
582,0,0,850,850,1510000,2000,0,65,215,774,678,49,98500,129,159,572,0.0795,159,0.00125,2.5,23,0.437,0.456,0.42,0.793
575,0,0,850,850,1470000,2000,0,66,220,792,671,49,98700,131,156,562,0.078,156,0.000574,1.15,22,0.446,0.465,0.429,0.815
573,0,0,850,850,1500000,2000,0,67,227,817,668,49,98200,135,167,601,0.0835,167,0.00295,5.9,22,0.48,0.501,0.461,0.84
584,0,0,850,850,1370000,2000,0,68,217,781,676,47,95000,130,151,544,0.0755,151,-0.000549,-1.1,23,0.451,0.47,0.435,0.807
582,0,0,850,850,1460000,2000,0,69,222,799,678,49,98200,134,161,580,0.0805,161,0.00163,3.27,23,0.452,0.469,0.436,0.808
582,0,0,850,850,1420000,2000,0,70,213,767,675,48,96400,128,151,544,0.0755,151,-0.000572,-1.14,22,0.442,0.46,0.424,0.794
573,0,0,850,850,1470000,2000,0,71,230,828,672,51,102000,137,163,587,0.0815,163,0.00204,4.08,23,0.448,0.466,0.431,0.809
592,0,0,850,850,1550000,2000,0,72,196,706,689,49,99700,121,142,511,0.071,142,-0.00251,-5.03,24,0.403,0.418,0.389,0.764
580,0,0,850,850,1500000,2000,0,73,216,778,676,49,98800,128,154,554,0.077,154,0.000105,0.21,25,0.438,0.456,0.421,0.789
585,0,0,850,850,1520000,2000,0,74,206,742,680,48,97900,125,148,533,0.074,148,-0.0012,-2.4,23,0.421,0.438,0.405,0.778
577,0,0,850,850,1560000,2000,0,75,212,763,672,49,98300,123,149,536,0.0745,149,-0.00097,-1.94,22,0.435,0.453,0.417,0.794
582,0,0,850,850,1350000,2000,0,76,222,799,678,49,99400,132,150,540,0.075,150,-0.000743,-1.49,22,0.437,0.454,0.42,0.781
578,0,0,850,850,1440000,2000,0,77,216,778,675,50,100000,127,148,533,0.074,148,-0.00117,-2.34,25,0.43,0.447,0.414,0.784
576,0,0,850,850,1500000,2000,0,78,212,763,675,51,102000,126,145,522,0.0725,145,-0.00181,-3.62,23,0.41,0.426,0.395,0.775
584,0,0,850,850,1490000,2000,0,79,220,792,680,50,100000,133,161,580,0.0805,161,0.0017,3.41,23,0.452,0.472,0.434,0.81
580,0,0,850,850,1470000,2000,0,80,221,796,679,51,102000,134,157,565,0.0785,157,0.00081,1.62,23,0.433,0.448,0.418,0.783
582,0,0,850,850,1440000,2000,0,81,220,792,681,51,102000,135,160,576,0.08,160,0.00144,2.87,24,0.441,0.458,0.426,0.809
586,0,0,850,850,1470000,2000,0,82,209,752,686,51,103000,127,144,518,0.072,144,-0.00203,-4.06,25,0.408,0.424,0.393,0.751
576,0,0,850,850,1510000,2000,0,83,226,814,671,48,97800,135,172,619,0.086,172,0.00403,8.07,22,0.48,0.499,0.462,0.826
584,0,0,850,850,1490000,2000,0,84,214,770,679,49,98000,128,155,558,0.0775,155,0.000322,0.644,23,0.438,0.455,0.422,0.801
582,0,0,850,850,1370000,2000,0,85,214,770,678,49,99500,128,144,518,0.072,144,-0.00207,-4.13,23,0.42,0.437,0.404,0.748
578,0,0,850,850,1480000,2000,0,86,226,814,674,49,99400,134,165,594,0.0825,165,0.0025,5,23,0.455,0.474,0.437,0.783
585,0,0,850,850,1360000,2000,0,87,213,767,680,48,97400,127,143,515,0.0715,143,-0.00228,-4.56,24,0.447,0.464,0.431,0.834
582,0,0,850,850,1460000,2000,0,88,223,803,677,48,97500,133,163,587,0.0815,163,0.00206,4.13,22,0.448,0.469,0.429,0.794
580,0,0,850,850,1410000,2000,0,89,221,796,676,49,99300,131,150,540,0.075,150,-0.00076,-1.52,23,0.43,0.447,0.415,0.795
583,0,0,850,850,1490000,2000,0,90,220,792,676,48,96400,134,167,601,0.0835,167,0.00291,5.82,22,0.455,0.475,0.436,0.809
587,0,0,850,850,1490000,2000,0,91,214,770,680,48,96500,128,159,572,0.0795,159,0.00116,2.32,24,0.444,0.463,0.426,0.779
588,0,0,850,850,1520000,2000,0,92,204,734,684,50,100000,123,147,529,0.0735,147,-0.00144,-2.89,23,0.416,0.433,0.4,0.774
577,0,0,850,850,1480000,2000,0,93,227,817,678,51,104000,135,162,583,0.081,162,0.00181,3.61,24,0.435,0.453,0.419,0.77
582,0,0,850,850,1400000,2000,0,94,224,806,679,50,100000,135,156,562,0.078,156,0.000495,0.99,24,0.45,0.466,0.435,0.798
583,0,0,850,850,1440000,2000,0,95,215,774,681,50,101000,132,151,544,0.0755,151,-0.000595,-1.19,24,0.44,0.458,0.423,0.776
590,0,0,850,850,1490000,2000,0,96,200,720,685,49,98200,122,141,508,0.0705,141,-0.00274,-5.49,23,0.42,0.437,0.403,0.795
580,0,0,850,850,1380000,2000,0,97,226,814,681,52,104000,134,151,544,0.0755,151,-0.000553,-1.11,26,0.431,0.447,0.417,0.773
586,0,0,850,850,1470000,2000,0,98,212,763,681,49,98500,127,148,533,0.074,148,-0.0012,-2.39,24,0.442,0.461,0.425,0.781
576,0,0,850,850,1480000,2000,0,99,227,817,669,48,97100,134,165,594,0.0825,165,0.00248,4.97,22,0.47,0.49,0.452,0.811
580,0,0,850,850,1450000,2000,0,100,215,774,674,48,97500,126,151,544,0.0755,151,-0.000572,-1.14,22,0.435,0.455,0.416,0.795
577,0,0,850,850,1380000,2000,0,101,228,821,670,48,96400,136,162,583,0.081,162,0.00181,3.62,24,0.47,0.488,0.454,0.82
591,0,0,850,850,1570000,2000,0,102,200,720,687,49,99400,122,144,518,0.072,144,-0.00208,-4.16,23,0.416,0.434,0.4,0.777
576,0,0,850,850,1570000,2000,0,103,224,806,676,51,103000,136,169,608,0.0845,169,0.00333,6.65,23,0.443,0.46,0.427,0.78
592,0,0,850,850,1520000,2000,0,104,199,716,687,49,98600,124,145,522,0.0725,145,-0.00188,-3.76,23,0.421,0.439,0.405,0.778
584,0,0,850,850,1380000,2000,0,105,220,792,684,51,103000,134,151,544,0.0755,151,-0.000572,-1.14,24,0.423,0.44,0.408,0.758
581,0,0,850,850,1400000,2000,0,106,213,767,676,49,98800,127,144,518,0.072,144,-0.00209,-4.18,25,0.412,0.432,0.394,0.77
582,0,0,850,850,1390000,2000,0,107,221,796,680,50,101000,132,151,544,0.0755,151,-0.000549,-1.1,24,0.437,0.454,0.421,0.785
583,0,0,850,850,1450000,2000,0,108,212,763,677,48,97500,127,150,540,0.075,150,-0.000764,-1.53,22,0.438,0.455,0.423,0.795
587,0,0,850,850,1500000,2000,0,109,207,745,686,50,102000,125,149,536,0.0745,149,-0.000967,-1.93,24,0.412,0.429,0.396,0.741
578,0,0,850,850,1510000,2000,0,110,219,788,673,49,98500,130,159,572,0.0795,159,0.0012,2.41,23,0.461,0.478,0.444,0.8
584,0,0,850,850,1500000,2000,0,111,218,785,683,51,102000,131,159,572,0.0795,159,0.0012,2.4,26,0.434,0.451,0.419,0.779
581,0,0,850,850,1490000,2000,0,112,215,774,674,47,95600,128,157,565,0.0785,157,0.000749,1.5,22,0.458,0.478,0.44,0.825
576,0,0,850,850,1550000,2000,0,113,224,806,670,49,98100,133,165,594,0.0825,165,0.00248,4.96,23,0.459,0.478,0.441,0.798
569,0,0,850,850,1430000,2000,0,114,240,864,665,49,99100,142,175,630,0.0875,175,0.00461,9.23,24,0.495,0.513,0.478,0.845
585,0,0,850,850,1460000,2000,0,115,216,778,679,49,98300,128,154,554,0.077,154,3.57e-05,0.0714,23,0.438,0.457,0.42,0.79
577,0,0,850,850,1420000,2000,0,116,221,796,671,48,97000,131,154,554,0.077,154,2.71e-05,0.0543,25,0.445,0.464,0.427,0.789
583,0,0,850,850,1480000,2000,0,117,223,803,677,48,96600,135,166,598,0.083,166,0.00264,5.27,24,0.463,0.481,0.446,0.805
582,0,0,850,850,1450000,2000,0,118,215,774,678,49,99100,129,155,558,0.0775,155,0.000219,0.439,23,0.437,0.453,0.422,0.796
577,0,0,850,850,1530000,2000,0,119,226,814,674,50,100000,133,165,594,0.0825,165,0.00239,4.78,23,0.45,0.467,0.435,0.795
593,0,0,850,850,1510000,2000,0,120,201,724,688,48,97400,123,146,526,0.073,146,-0.00174,-3.47,24,0.413,0.429,0.397,0.793
584,0,0,850,850,1440000,2000,0,121,221,796,679,48,97800,132,160,576,0.08,160,0.0013,2.61,25,0.442,0.459,0.426,0.789
591,0,0,850,850,1450000,2000,0,122,204,734,687,49,98800,127,148,533,0.074,148,-0.00131,-2.62,24,0.428,0.444,0.412,0.762
588,0,0,850,850,1560000,2000,0,123,209,752,684,49,98900,124,150,540,0.075,150,-0.00085,-1.7,24,0.417,0.433,0.403,0.775
586,0,0,850,850,1440000,2000,0,124,213,767,681,48,97800,130,154,554,0.077,154,9.32e-06,0.0186,24,0.439,0.456,0.422,0.79
586,0,0,850,850,1460000,2000,0,125,215,774,682,49,99100,130,156,562,0.078,156,0.000443,0.886,23,0.423,0.441,0.407,0.755
583,0,0,850,850,1360000,2000,0,126,228,821,679,49,99300,136,159,572,0.0795,159,0.00109,2.18,23,0.458,0.474,0.444,0.791
570,0,0,850,850,1520000,2000,0,127,235,846,669,50,101000,141,176,634,0.088,176,0.00475,9.5,27,0.475,0.494,0.458,0.813
583,0,0,850,850,1510000,2000,0,128,214,770,676,47,95800,128,157,565,0.0785,157,0.00061,1.22,22,0.454,0.473,0.436,0.804
594,0,0,850,850,1450000,2000,0,129,201,724,689,48,97400,127,146,526,0.073,146,-0.00177,-3.54,23,0.427,0.445,0.41,0.772
582,0,0,850,850,1430000,2000,0,130,219,788,680,50,100000,131,150,540,0.075,150,-0.000891,-1.78,24,0.43,0.447,0.415,0.793
578,0,0,850,850,1560000,2000,0,131,222,799,674,49,98900,132,166,598,0.083,166,0.00257,5.13,23,0.454,0.472,0.438,0.799
576,0,0,850,850,1490000,2000,0,132,225,810,673,50,100000,136,165,594,0.0825,165,0.00233,4.65,25,0.465,0.483,0.448,0.813
581,0,0,850,850,1420000,2000,0,133,221,796,680,51,103000,135,156,562,0.078,156,0.000368,0.736,23,0.436,0.454,0.418,0.792
581,0,0,850,850,1530000,2000,0,134,222,799,674,48,96200,134,167,601,0.0835,167,0.00275,5.49,23,0.474,0.492,0.456,0.833
577,0,0,850,850,1470000,2000,0,135,223,803,672,48,97800,131,159,572,0.0795,159,0.000995,1.99,23,0.456,0.474,0.439,0.792
581,0,0,850,850,1380000,2000,0,136,224,806,673,47,94700,132,160,576,0.08,160,0.0012,2.4,23,0.472,0.491,0.455,0.853
574,0,0,850,850,1450000,2000,0,137,229,824,668,48,96800,136,167,601,0.0835,167,0.0027,5.4,25,0.471,0.489,0.455,0.813
569,0,0,850,850,1510000,2000,0,138,233,839,664,49,98500,134,168,605,0.084,168,0.0029,5.8,23,0.471,0.491,0.453,0.814
589,0,0,850,850,1560000,2000,0,139,200,720,683,48,96700,123,148,533,0.074,148,-0.00144,-2.87,23,0.424,0.442,0.408,0.807
582,0,0,850,850,1380000,2000,0,140,217,781,674,47,94600,129,151,544,0.0755,151,-0.000783,-1.57,22,0.445,0.464,0.427,0.798
582,0,0,850,850,1500000,2000,0,141,217,781,681,50,101000,130,156,562,0.078,156,0.00031,0.62,26,0.426,0.442,0.412,0.758
576,0,0,850,850,1440000,2000,0,142,230,828,671,49,98800,135,165,594,0.0825,165,0.00225,4.5,24,0.463,0.481,0.447,0.796
579,0,0,850,850,1420000,2000,0,143,227,817,675,49,99000,135,161,580,0.0805,161,0.00137,2.74,24,0.463,0.481,0.446,0.809
583,0,0,850,850,1420000,2000,0,144,219,788,675,47,94900,130,157,565,0.0785,157,0.000496,0.993,22,0.46,0.479,0.442,0.82
574,0,0,850,850,1460000,2000,0,145,226,814,678,53,107000,137,158,569,0.079,158,0.000706,1.41,25,0.42,0.434,0.407,0.763
571,0,0,850,850,1460000,2000,0,146,233,839,666,48,97500,139,173,623,0.0865,173,0.00393,7.87,24,0.477,0.496,0.459,0.822
583,0,0,850,850,1520000,2000,0,147,215,774,680,50,101000,130,157,565,0.0785,157,0.000462,0.925,23,0.428,0.442,0.415,0.775
581,0,0,850,850,1550000,2000,0,148,214,770,676,49,98100,127,155,558,0.0775,155,2.74e-05,0.0547,22,0.435,0.454,0.417,0.808
571,0,0,850,850,1500000,2000,0,149,234,842,665,48,96100,136,173,623,0.0865,173,0.00391,7.82,22,0.491,0.511,0.473,0.848
589,0,0,850,850,1490000,2000,0,150,208,749,687,50,102000,124,143,515,0.0715,143,-0.00258,-5.17,24,0.418,0.436,0.401,0.749
583,0,0,850,850,1560000,2000,0,151,215,774,678,48,97600,130,163,587,0.0815,163,0.00174,3.48,24,0.449,0.467,0.432,0.793
584,0,0,850,850,1480000,2000,0,152,215,774,680,49,98700,131,160,576,0.08,160,0.00108,2.16,23,0.446,0.464,0.429,0.794
577,0,0,850,850,1520000,2000,0,153,216,778,675,50,101000,132,159,572,0.0795,159,0.000853,1.71,23,0.438,0.455,0.423,0.791
574,0,0,850,850,1500000,2000,0,154,231,832,667,48,96800,135,168,605,0.084,168,0.00279,5.59,22,0.484,0.504,0.465,0.822
579,0,0,850,850,1500000,2000,0,155,222,799,673,48,97300,132,164,590,0.082,164,0.00191,3.82,22,0.456,0.474,0.438,0.811
573,0,0,850,850,1420000,2000,0,156,237,853,668,49,98700,137,168,605,0.084,168,0.00276,5.52,25,0.481,0.502,0.462,0.818
585,0,0,850,850,1430000,2000,0,157,212,763,683,50,101000,126,143,515,0.0715,143,-0.00264,-5.27,23,0.405,0.421,0.39,0.759
580,0,0,850,850,1460000,2000,0,158,225,810,677,50,101000,135,161,580,0.0805,161,0.00125,2.51,24,0.455,0.473,0.439,0.801
580,0,0,850,850,1490000,2000,0,159,218,785,677,50,101000,131,157,565,0.0785,157,0.000383,0.767,23,0.435,0.453,0.419,0.772
582,0,0,850,850,1420000,2000,0,160,220,792,674,47,95500,132,160,576,0.08,160,0.00102,2.05,24,0.466,0.486,0.448,0.823
587,0,0,850,850,1390000,2000,0,161,207,745,680,47,95600,124,138,497,0.069,138,-0.00372,-7.44,22,0.427,0.446,0.41,0.773
578,0,0,850,850,1510000,2000,0,162,224,806,674,49,99200,133,164,590,0.082,164,0.00191,3.81,23,0.464,0.482,0.447,0.825
581,0,0,850,850,1410000,2000,0,163,219,788,677,49,99600,130,149,536,0.0745,149,-0.00134,-2.67,23,0.426,0.444,0.409,0.78
574,0,0,850,850,1420000,2000,0,164,228,821,674,51,103000,134,155,558,0.0775,155,-3.73e-05,-0.0746,24,0.44,0.459,0.422,0.77
584,0,0,850,850,1410000,2000,0,165,209,752,686,52,104000,127,139,500,0.0695,139,-0.00349,-6.98,26,0.387,0.403,0.372,0.737
584,0,0,850,850,1490000,2000,0,166,207,745,680,49,99100,126,148,533,0.074,148,-0.00153,-3.06,24,0.419,0.437,0.403,0.772
584,0,0,850,850,1440000,2000,0,167,216,778,680,49,98400,130,153,551,0.0765,153,-0.000438,-0.877,24,0.448,0.465,0.432,0.805
581,0,0,850,850,1460000,2000,0,168,210,756,676,49,98200,126,149,536,0.0745,149,-0.00131,-2.61,23,0.437,0.454,0.421,0.804
582,0,0,850,850,1460000,2000,0,169,222,799,681,50,102000,135,161,580,0.0805,161,0.0013,2.61,23,0.443,0.459,0.427,0.768
577,0,0,850,850,1420000,2000,0,170,228,821,675,50,102000,135,160,576,0.08,160,0.00108,2.15,25,0.446,0.464,0.43,0.788
572,0,0,850,850,1510000,2000,0,171,231,832,670,50,101000,133,164,590,0.082,164,0.00194,3.87,22,0.454,0.472,0.438,0.786
583,0,0,850,850,1390000,2000,0,172,216,778,683,51,104000,130,142,511,0.071,142,-0.00283,-5.66,23,0.4,0.415,0.386,0.744
582,0,0,850,850,1440000,2000,0,173,217,781,680,50,101000,132,152,547,0.076,152,-0.000655,-1.31,23,0.432,0.449,0.416,0.769
588,0,0,850,850,1370000,2000,0,174,205,738,684,49,98200,124,136,490,0.068,136,-0.00411,-8.22,23,0.413,0.429,0.398,0.77
588,0,0,850,850,1430000,2000,0,175,214,770,684,49,99500,131,153,551,0.0765,153,-0.000408,-0.817,25,0.442,0.458,0.426,0.795
574,0,0,850,850,1460000,2000,0,176,220,792,671,49,99800,131,153,551,0.0765,153,-0.000413,-0.827,23,0.441,0.458,0.424,0.785
583,0,0,850,850,1550000,2000,0,177,201,724,685,52,106000,124,141,508,0.0705,141,-0.003,-6.01,24,0.386,0.402,0.371,0.744
584,0,0,850,850,1490000,2000,0,178,214,770,677,47,95700,130,160,576,0.08,160,0.00112,2.25,22,0.449,0.467,0.431,0.787
579,0,0,850,850,1450000,2000,0,179,213,767,677,50,100000,127,145,522,0.0725,145,-0.00213,-4.26,23,0.411,0.426,0.397,0.754
576,0,0,850,850,1430000,2000,0,180,225,810,672,49,98400,134,158,569,0.079,158,0.000695,1.39,24,0.445,0.463,0.429,0.798
580,0,0,850,850,1390000,2000,0,181,224,806,676,49,99200,134,155,558,0.0775,155,4.5e-05,0.09,23,0.453,0.472,0.436,0.785
581,0,0,850,850,1590000,2000,0,182,215,774,677,49,99100,127,157,565,0.0785,157,0.000482,0.963,23,0.429,0.448,0.412,0.789
579,0,0,850,850,1480000,2000,0,183,225,810,679,51,103000,136,163,587,0.0815,163,0.00177,3.54,24,0.442,0.46,0.425,0.767
583,0,0,850,850,1510000,2000,0,184,209,752,678,49,98600,128,154,554,0.077,154,-0.000188,-0.375,23,0.433,0.451,0.416,0.795
582,0,0,850,850,1540000,2000,0,185,218,785,680,50,101000,132,161,580,0.0805,161,0.00133,2.66,26,0.442,0.46,0.426,0.782
587,0,0,850,850,1430000,2000,0,186,213,767,684,50,100000,132,152,547,0.076,152,-0.00062,-1.24,23,0.424,0.443,0.406,0.768
582,0,0,850,850,1410000,2000,0,187,216,778,677,49,98700,131,155,558,0.0775,155,2.39e-05,0.0478,22,0.445,0.464,0.427,0.798
578,0,0,850,850,1430000,2000,0,188,225,810,676,50,102000,136,158,569,0.079,158,0.000677,1.35,23,0.436,0.452,0.421,0.79
579,0,0,850,850,1460000,2000,0,189,219,788,678,51,102000,129,150,540,0.075,150,-0.00105,-2.11,25,0.424,0.441,0.409,0.763
571,0,0,850,850,1450000,2000,0,190,233,839,667,49,99300,138,169,608,0.0845,169,0.00304,6.09,22,0.478,0.496,0.462,0.853
577,0,0,850,850,1420000,2000,0,191,228,821,674,49,99500,136,162,583,0.081,162,0.00152,3.05,23,0.457,0.477,0.439,0.809
577,0,0,850,850,1440000,2000,0,192,227,817,672,49,98100,135,164,590,0.082,164,0.00195,3.89,23,0.473,0.488,0.458,0.816
582,0,0,850,850,1420000,2000,0,193,220,792,679,50,101000,134,154,554,0.077,154,-0.000216,-0.433,23,0.427,0.444,0.411,0.789
584,0,0,850,850,1500000,2000,0,194,218,785,677,48,96100,131,160,576,0.08,160,0.00108,2.16,24,0.453,0.474,0.434,0.796
583,0,0,850,850,1400000,2000,0,195,215,774,677,48,96900,130,152,547,0.076,152,-0.000655,-1.31,22,0.442,0.459,0.426,0.8
573,0,0,850,850,1490000,2000,0,196,227,817,669,49,99500,134,165,594,0.0825,165,0.00215,4.29,23,0.46,0.478,0.443,0.81
594,0,0,850,850,1480000,2000,0,197,199,716,689,49,98100,125,145,522,0.0725,145,-0.00217,-4.33,23,0.421,0.439,0.404,0.78
581,0,0,850,850,1500000,2000,0,198,219,788,678,50,100000,131,160,576,0.08,160,0.00107,2.15,26,0.436,0.452,0.421,0.796
579,0,0,850,850,1440000,2000,0,199,224,806,674,49,98700,130,154,554,0.077,154,-0.00022,-0.44,22,0.445,0.463,0.428,0.801
581,0,0,850,850,1450000,2000,0,200,215,774,677,49,98300,130,156,562,0.078,156,0.000203,0.407,22,0.446,0.463,0.43,0.805
585,0,0,850,850,1480000,2000,0,201,213,767,686,51,103000,128,147,529,0.0735,147,-0.00173,-3.45,23,0.407,0.423,0.392,0.742
580,0,0,850,850,1440000,2000,0,202,228,821,672,47,95300,133,164,590,0.082,164,0.00194,3.88,22,0.468,0.489,0.448,0.786
575,0,0,850,850,1430000,2000,0,203,230,828,667,47,94200,134,165,594,0.0825,165,0.00214,4.28,23,0.481,0.501,0.462,0.828
589,0,0,850,850,1460000,2000,0,204,202,727,683,48,97500,121,139,500,0.0695,139,-0.00347,-6.93,22,0.42,0.437,0.405,0.793
579,0,0,850,850,1470000,2000,0,205,223,803,682,52,106000,135,159,572,0.0795,159,0.00086,1.72,25,0.41,0.425,0.397,0.764
591,0,0,850,850,1500000,2000,0,206,201,724,686,48,97700,123,143,515,0.0715,143,-0.00259,-5.18,23,0.425,0.442,0.41,0.776
580,0,0,850,850,1390000,2000,0,207,223,803,678,50,101000,131,148,533,0.074,148,-0.0015,-3,24,0.427,0.443,0.412,0.779
574,0,0,850,850,1420000,2000,0,208,231,832,668,48,96900,137,170,612,0.085,170,0.00324,6.48,25,0.489,0.507,0.472,0.852
587,0,0,850,850,1460000,2000,0,209,208,749,683,49,99400,126,147,529,0.0735,147,-0.00173,-3.46,24,0.415,0.433,0.398,0.76
585,0,0,850,850,1440000,2000,0,210,210,756,683,50,101000,128,146,526,0.073,146,-0.00193,-3.87,24,0.425,0.444,0.408,0.776
586,0,0,850,850,1470000,2000,0,211,211,760,684,50,101000,128,148,533,0.074,148,-0.00149,-2.98,25,0.419,0.435,0.403,0.777
583,0,0,850,850,1510000,2000,0,212,215,774,677,48,97000,130,162,583,0.081,162,0.00153,3.05,24,0.462,0.481,0.444,0.83
585,0,0,850,850,1450000,2000,0,213,209,752,679,48,96600,127,151,544,0.0755,151,-0.00085,-1.7,26,0.442,0.459,0.426,0.802
579,0,0,850,850,1470000,2000,0,214,220,792,675,50,100000,131,157,565,0.0785,157,0.000446,0.893,24,0.432,0.45,0.416,0.795
581,0,0,850,850,1440000,2000,0,215,216,778,678,50,100000,131,152,547,0.076,152,-0.000633,-1.27,23,0.429,0.446,0.414,0.782
581,0,0,850,850,1420000,2000,0,216,217,781,673,47,94900,130,155,558,0.0775,155,1.52e-05,0.0303,23,0.454,0.474,0.435,0.813
587,0,0,850,850,1460000,2000,0,217,202,727,683,49,98500,124,143,515,0.0715,143,-0.00257,-5.14,24,0.408,0.427,0.391,0.781
585,0,0,850,850,1440000,2000,0,218,213,767,685,51,104000,129,148,533,0.074,148,-0.00148,-2.95,25,0.415,0.431,0.399,0.741
578,0,0,850,850,1490000,2000,0,219,223,803,669,47,94500,132,163,587,0.0815,163,0.00176,3.52,25,0.473,0.495,0.452,0.828
585,0,0,850,850,1480000,2000,0,220,210,756,683,50,101000,128,148,533,0.074,148,-0.00148,-2.95,24,0.418,0.435,0.402,0.773
581,0,0,850,850,1500000,2000,0,221,213,767,677,49,99200,126,152,547,0.076,152,-0.000612,-1.22,24,0.435,0.451,0.42,0.784
587,0,0,850,850,1480000,2000,0,222,208,749,683,49,99800,127,147,529,0.0735,147,-0.00168,-3.36,24,0.426,0.444,0.41,0.756
580,0,0,850,850,1410000,2000,0,223,216,778,679,51,102000,131,149,536,0.0745,149,-0.00125,-2.5,24,0.43,0.447,0.414,0.788
578,0,0,850,850,1460000,2000,0,224,222,799,674,49,99200,134,162,583,0.081,162,0.00156,3.11,25,0.451,0.467,0.437,0.798
588,0,0,850,850,1420000,2000,0,225,208,749,682,48,97100,126,147,529,0.0735,147,-0.00168,-3.36,23,0.431,0.449,0.414,0.813
581,0,0,850,850,1490000,2000,0,226,221,796,678,49,99100,130,159,572,0.0795,159,0.000918,1.84,24,0.458,0.475,0.443,0.818
575,0,0,850,850,1400000,2000,0,227,240,864,677,52,105000,141,167,601,0.0835,167,0.00264,5.28,27,0.453,0.47,0.437,0.767
580,0,0,850,850,1450000,2000,0,228,223,803,673,48,96900,130,157,565,0.0785,157,0.000471,0.941,23,0.454,0.475,0.435,0.811
581,0,0,850,850,1550000,2000,0,229,217,781,676,49,98900,131,165,594,0.0825,165,0.00219,4.38,24,0.449,0.465,0.434,0.803
574,0,0,850,850,1400000,2000,0,230,234,842,671,49,99500,143,172,619,0.086,172,0.00368,7.37,27,0.479,0.499,0.461,0.828
581,0,0,850,850,1460000,2000,0,231,222,799,677,49,98400,134,165,594,0.0825,165,0.00216,4.33,23,0.462,0.48,0.445,0.802
588,0,0,850,850,1440000,2000,0,232,208,749,681,48,96200,127,147,529,0.0735,147,-0.00172,-3.45,23,0.437,0.454,0.421,0.795
575,0,0,850,850,1510000,2000,0,233,230,828,671,49,99600,138,171,616,0.0855,171,0.00346,6.91,23,0.461,0.479,0.444,0.805
590,0,0,850,850,1490000,2000,0,234,204,734,683,48,96300,124,147,529,0.0735,147,-0.00173,-3.46,22,0.423,0.442,0.406,0.775
574,0,0,850,850,1580000,2000,0,235,219,788,668,48,97000,131,166,598,0.083,166,0.00237,4.73,24,0.465,0.484,0.446,0.834
587,0,0,850,850,1390000,2000,0,236,205,738,680,48,97000,124,139,500,0.0695,139,-0.00346,-6.92,23,0.408,0.427,0.39,0.782
584,0,0,850,850,1400000,2000,0,237,210,756,685,52,104000,129,140,504,0.07,140,-0.00323,-6.46,24,0.397,0.411,0.384,0.734
578,0,0,850,850,1490000,2000,0,238,216,778,674,49,98400,131,158,569,0.079,158,0.00066,1.32,23,0.442,0.461,0.425,0.797
596,0,0,850,850,1500000,2000,0,239,195,702,690,48,97400,121,140,504,0.07,140,-0.00322,-6.43,25,0.408,0.425,0.392,0.775
580,0,0,850,850,1440000,2000,0,240,225,810,675,49,98100,135,163,587,0.0815,163,0.00175,3.5,23,0.455,0.474,0.437,0.796
580,0,0,850,850,1420000,2000,0,241,223,803,677,50,100000,134,158,569,0.079,158,0.000667,1.33,24,0.448,0.466,0.432,0.786
583,0,0,850,850,1400000,2000,0,242,222,799,680,50,100000,132,153,551,0.0765,153,-0.000411,-0.822,24,0.445,0.461,0.429,0.781
580,0,0,850,850,1440000,2000,0,243,215,774,676,49,99300,130,153,551,0.0765,153,-0.000416,-0.833,23,0.443,0.459,0.428,0.802
573,0,0,850,850,1390000,2000,0,244,235,846,671,50,101000,136,160,576,0.08,160,0.0011,2.2,24,0.463,0.481,0.446,0.814
590,0,0,850,850,1550000,2000,0,245,199,716,686,49,98700,123,146,526,0.073,146,-0.00192,-3.84,26,0.414,0.431,0.398,0.781
585,0,0,850,850,1400000,2000,0,246,210,756,681,49,99800,128,145,522,0.0725,145,-0.00213,-4.27,23,0.424,0.44,0.409,0.796
575,0,0,850,850,1470000,2000,0,247,226,814,671,49,98700,135,163,587,0.0815,163,0.00176,3.51,23,0.475,0.494,0.458,0.835
587,0,0,850,850,1520000,2000,0,248,209,752,683,49,98900,126,152,547,0.076,152,-0.000617,-1.23,23,0.428,0.444,0.413,0.786
583,0,0,850,850,1460000,2000,0,249,216,778,677,48,96500,128,156,562,0.078,156,0.000245,0.489,22,0.449,0.466,0.433,0.813
577,0,0,850,850,1480000,2000,0,250,222,799,675,50,101000,131,157,565,0.0785,157,0.000459,0.917,26,0.424,0.442,0.407,0.758
575,0,0,850,850,1440000,2000,0,251,234,842,671,49,98700,139,171,616,0.0855,171,0.00348,6.95,25,0.483,0.501,0.466,0.846
584,0,0,850,850,1380000,2000,0,252,217,781,682,50,101000,128,143,515,0.0715,143,-0.00257,-5.14,23,0.423,0.44,0.407,0.77
587,0,0,850,850,1470000,2000,0,253,208,749,684,50,100000,128,148,533,0.074,148,-0.00149,-2.97,24,0.416,0.433,0.399,0.773
571,0,0,850,850,1400000,2000,0,254,233,839,674,52,105000,139,160,576,0.08,160,0.0011,2.21,25,0.432,0.446,0.419,0.768
581,0,0,850,850,1630000,2000,0,255,212,763,677,49,99100,128,163,587,0.0815,163,0.00175,3.5,26,0.434,0.453,0.415,0.771
587,0,0,850,850,1620000,2000,0,256,201,724,680,48,96800,121,150,540,0.075,150,-0.00106,-2.12,23,0.416,0.434,0.399,0.776
581,0,0,850,850,1430000,2000,0,257,219,788,675,48,96900,128,153,551,0.0765,153,-0.000409,-0.818,23,0.449,0.467,0.431,0.807
595,0,0,850,850,1510000,2000,0,258,193,695,688,48,96100,121,141,508,0.0705,141,-0.003,-5.99,23,0.394,0.411,0.379,0.796
574,0,0,850,850,1610000,2000,0,259,229,824,668,48,97800,136,176,634,0.088,176,0.00457,9.13,22,0.468,0.488,0.45,0.822
586,0,0,850,850,1430000,2000,0,260,213,767,683,50,100000,129,150,540,0.075,150,-0.00106,-2.12,26,0.425,0.441,0.41,0.787
583,0,0,850,850,1460000,2000,0,261,208,749,678,49,98100,127,150,540,0.075,150,-0.00106,-2.12,23,0.441,0.46,0.424,0.782
577,0,0,850,850,1500000,2000,0,262,215,774,675,50,101000,126,147,529,0.0735,147,-0.0017,-3.4,24,0.413,0.428,0.399,0.775
573,0,0,850,850,1490000,2000,0,263,231,832,672,51,103000,137,168,605,0.084,168,0.00284,5.67,24,0.45,0.465,0.435,0.804
581,0,0,850,850,1510000,2000,0,264,220,792,675,48,97100,132,163,587,0.0815,163,0.00175,3.5,23,0.465,0.485,0.446,0.824
575,0,0,850,850,1510000,2000,0,265,223,803,675,51,102000,133,160,576,0.08,160,0.00109,2.19,26,0.446,0.46,0.433,0.796
584,0,0,850,850,1450000,2000,0,266,206,742,680,49,99200,122,141,508,0.0705,141,-0.00301,-6.02,23,0.418,0.437,0.401,0.772
573,0,0,850,850,1550000,2000,0,267,231,832,669,49,99400,140,178,641,0.089,178,0.00498,9.96,23,0.486,0.507,0.467,0.821
582,0,0,850,850,1430000,2000,0,268,218,785,683,52,105000,131,149,536,0.0745,149,-0.00129,-2.58,24,0.409,0.423,0.396,0.755
587,0,0,850,850,1490000,2000,0,269,201,724,686,51,102000,123,139,500,0.0695,139,-0.00345,-6.89,24,0.391,0.405,0.378,0.75
584,0,0,850,850,1520000,2000,0,270,211,760,679,49,98200,126,151,544,0.0755,151,-0.000841,-1.68,23,0.435,0.453,0.418,0.805
585,0,0,850,850,1440000,2000,0,271,209,752,678,48,97000,128,147,529,0.0735,147,-0.0017,-3.4,25,0.439,0.459,0.42,0.796
585,0,0,850,850,1450000,2000,0,272,208,749,677,47,94900,126,150,540,0.075,150,-0.00105,-2.1,23,0.434,0.453,0.417,0.801
576,0,0,850,850,1400000,2000,0,273,229,824,674,50,100000,137,160,576,0.08,160,0.00111,2.22,23,0.465,0.484,0.447,0.828
577,0,0,850,850,1390000,2000,0,274,229,824,670,47,95700,134,164,590,0.082,164,0.00197,3.94,22,0.478,0.496,0.461,0.82
581,0,0,850,850,1390000,2000,0,275,219,788,680,51,102000,131,150,540,0.075,150,-0.00106,-2.12,26,0.436,0.453,0.42,0.778
577,0,0,850,850,1420000,2000,0,276,228,821,672,48,97900,135,165,594,0.0825,165,0.00218,4.37,23,0.468,0.485,0.453,0.798
587,0,0,850,850,1390000,2000,0,277,211,760,683,49,99300,130,147,529,0.0735,147,-0.00171,-3.42,23,0.419,0.436,0.403,0.758
586,0,0,850,850,1360000,2000,0,278,224,806,682,49,99500,135,155,558,0.0775,155,2.72e-05,0.0545,26,0.449,0.467,0.431,0.785
579,0,0,850,850,1430000,2000,0,279,223,803,674,49,97900,133,158,569,0.079,158,0.000672,1.34,23,0.463,0.479,0.447,0.817
571,0,0,850,850,1490000,2000,0,280,238,857,668,50,100000,142,178,641,0.089,178,0.00499,9.98,23,0.481,0.498,0.464,0.808
587,0,0,850,850,1420000,2000,0,281,215,774,684,50,101000,130,150,540,0.075,150,-0.00107,-2.15,25,0.434,0.45,0.418,0.783
581,0,0,850,850,1460000,2000,0,282,222,799,675,48,97100,131,159,572,0.0795,159,0.000873,1.75,23,0.453,0.471,0.436,0.802
579,0,0,850,850,1470000,2000,0,283,219,788,677,50,102000,133,156,562,0.078,156,0.00022,0.439,24,0.433,0.451,0.416,0.808
582,0,0,850,850,1600000,2000,0,284,216,778,678,49,99200,130,164,590,0.082,164,0.00195,3.9,24,0.452,0.469,0.436,0.805
594,0,0,850,850,1640000,2000,0,285,194,698,692,50,101000,120,147,529,0.0735,147,-0.00173,-3.45,24,0.4,0.417,0.384,0.745
582,0,0,850,850,1520000,2000,0,286,215,774,683,52,104000,130,152,547,0.076,152,-0.000641,-1.28,26,0.415,0.43,0.4,0.756
592,0,0,850,850,1400000,2000,0,287,200,720,684,47,95500,121,139,500,0.0695,139,-0.00345,-6.9,22,0.416,0.432,0.4,0.767
582,0,0,850,850,1530000,2000,0,288,219,788,678,50,100000,131,161,580,0.0805,161,0.00131,2.63,24,0.44,0.458,0.422,0.791
572,0,0,850,850,1490000,2000,0,289,235,846,676,53,107000,140,168,605,0.084,168,0.00282,5.64,25,0.439,0.454,0.425,0.763
591,0,0,850,850,1460000,2000,0,290,204,734,688,49,99800,126,144,518,0.072,144,-0.00237,-4.74,24,0.409,0.425,0.394,0.766
581,0,0,850,850,1430000,2000,0,291,217,781,674,48,97100,130,153,551,0.0765,153,-0.000422,-0.844,25,0.459,0.477,0.443,0.814
579,0,0,850,850,1460000,2000,0,292,222,799,678,50,102000,134,158,569,0.079,158,0.00066,1.32,23,0.442,0.458,0.426,0.769
584,0,0,850,850,1480000,2000,0,293,216,778,678,48,97400,131,158,569,0.079,158,0.000658,1.32,22,0.455,0.474,0.436,0.818
588,0,0,850,850,1440000,2000,0,294,214,770,687,51,102000,133,153,551,0.0765,153,-0.000421,-0.842,23,0.431,0.445,0.417,0.777
571,0,0,850,850,1530000,2000,0,295,232,835,668,50,101000,138,172,619,0.086,172,0.00368,7.35,23,0.464,0.48,0.448,0.798
579,0,0,850,850,1370000,2000,0,296,215,774,676,50,100000,129,143,515,0.0715,143,-0.00259,-5.19,26,0.424,0.441,0.408,0.769
591,0,0,850,850,1400000,2000,0,297,200,720,684,48,96000,124,141,508,0.0705,141,-0.00301,-6.03,23,0.427,0.446,0.409,0.804
579,0,0,850,850,1440000,2000,0,298,224,806,678,51,102000,136,161,580,0.0805,161,0.00131,2.62,24,0.455,0.472,0.439,0.805
576,0,0,850,850,1500000,2000,0,299,224,806,670,48,96400,132,168,605,0.084,168,0.00281,5.63,23,0.473,0.493,0.455,0.843
570,0,0,850,850,1430000,2000,0,300,233,839,668,50,101000,139,165,594,0.0825,165,0.00216,4.31,23,0.466,0.484,0.449,0.808
594,0,0,850,850,1410000,2000,0,301,203,731,692,50,101000,125,140,504,0.07,140,-0.00324,-6.48,26,0.411,0.43,0.394,0.739
580,0,0,850,850,1420000,2000,0,302,214,770,677,50,100000,129,147,529,0.0735,147,-0.00172,-3.45,24,0.428,0.444,0.413,0.793
579,0,0,850,850,1500000,2000,0,303,213,767,674,49,98100,129,153,551,0.0765,153,-0.000422,-0.845,23,0.436,0.454,0.419,0.793
578,0,0,850,850,1480000,2000,0,304,227,817,677,51,102000,134,164,590,0.082,164,0.00196,3.91,24,0.448,0.466,0.431,0.813
578,0,0,850,850,1460000,2000,0,305,226,814,675,50,100000,135,164,590,0.082,164,0.00195,3.9,24,0.457,0.475,0.441,0.772
574,0,0,850,850,1450000,2000,0,306,228,821,674,51,103000,135,162,583,0.081,162,0.00151,3.02,27,0.437,0.453,0.421,0.793
586,0,0,850,850,1450000,2000,0,307,216,778,683,50,101000,131,153,551,0.0765,153,-0.000434,-0.868,26,0.427,0.443,0.413,0.785
577,0,0,850,850,1440000,2000,0,308,232,835,671,48,97000,137,171,616,0.0855,171,0.00345,6.9,24,0.493,0.511,0.476,0.859
569,0,0,850,850,1410000,2000,0,309,237,853,669,51,103000,136,161,580,0.0805,161,0.00128,2.56,24,0.454,0.473,0.436,0.807
580,0,0,850,850,1520000,2000,0,310,217,781,675,48,97500,132,163,587,0.0815,163,0.00171,3.41,24,0.452,0.471,0.435,0.799
578,0,0,850,850,1470000,2000,0,311,219,788,673,49,98200,131,156,562,0.078,156,0.000191,0.383,23,0.444,0.464,0.425,0.777
579,0,0,850,850,1480000,2000,0,312,224,806,676,49,99600,133,164,590,0.082,164,0.00192,3.84,24,0.459,0.477,0.443,0.818
575,0,0,850,850,1400000,2000,0,313,228,821,675,51,103000,135,155,558,0.0775,155,-3.1e-05,-0.0621,24,0.439,0.456,0.423,0.773
590,0,0,850,850,1430000,2000,0,314,207,745,685,49,98500,129,148,533,0.074,148,-0.00154,-3.08,23,0.421,0.439,0.405,0.771
584,0,0,850,850,1430000,2000,0,315,215,774,679,49,99100,130,149,536,0.0745,149,-0.00132,-2.64,23,0.438,0.457,0.421,0.79
581,0,0,850,850,1450000,2000,0,316,220,792,676,49,99000,130,153,551,0.0765,153,-0.000452,-0.903,23,0.45,0.468,0.434,0.83
579,0,0,850,850,1460000,2000,0,317,216,778,673,48,96400,128,153,551,0.0765,153,-0.000454,-0.907,24,0.444,0.463,0.427,0.807
586,0,0,850,850,1410000,2000,0,318,218,785,683,50,100000,132,154,554,0.077,154,-0.000234,-0.467,23,0.433,0.45,0.417,0.775
586,0,0,850,850,1520000,2000,0,319,210,756,683,50,100000,130,154,554,0.077,154,-0.000233,-0.466,23,0.427,0.446,0.409,0.768
578,0,0,850,850,1390000,2000,0,320,229,824,680,52,105000,136,156,562,0.078,156,0.000199,0.399,24,0.428,0.443,0.413,0.765
575,0,0,850,850,1450000,2000,0,321,224,806,674,51,103000,131,153,551,0.0765,153,-0.00045,-0.9,23,0.425,0.442,0.409,0.755
579,0,0,850,850,1460000,2000,0,322,221,796,671,47,94500,131,163,587,0.0815,163,0.00171,3.42,24,0.476,0.496,0.457,0.842
584,0,0,850,850,1450000,2000,0,323,210,756,680,49,99400,126,149,536,0.0745,149,-0.00132,-2.64,23,0.433,0.451,0.417,0.779
577,0,0,850,850,1370000,2000,0,324,225,810,671,48,97600,133,155,558,0.0775,155,-2.07e-05,-0.0414,23,0.467,0.485,0.45,0.806
582,0,0,850,850,1470000,2000,0,325,218,785,681,50,102000,133,157,565,0.0785,157,0.000414,0.828,24,0.426,0.443,0.411,0.776
585,0,0,850,850,1460000,2000,0,326,211,760,679,48,97100,127,152,547,0.076,152,-0.000668,-1.34,22,0.431,0.449,0.413,0.78
576,0,0,850,850,1440000,2000,0,327,231,832,673,50,100000,135,162,583,0.081,162,0.0015,2.99,25,0.449,0.467,0.433,0.794
580,0,0,850,850,1500000,2000,0,328,207,745,676,49,98700,122,143,515,0.0715,143,-0.00261,-5.23,23,0.438,0.455,0.423,0.793
582,0,0,850,850,1540000,2000,0,329,214,770,677,49,98200,129,158,569,0.079,158,0.000635,1.27,22,0.437,0.456,0.419,0.79
588,0,0,850,850,1530000,2000,0,330,208,749,684,49,98900,125,151,544,0.0755,151,-0.000877,-1.75,23,0.425,0.441,0.409,0.783
588,0,0,850,850,1480000,2000,0,331,206,742,684,49,98800,125,147,529,0.0735,147,-0.00174,-3.48,25,0.428,0.447,0.411,0.762
590,0,0,850,850,1520000,2000,0,332,201,724,688,50,100000,124,145,522,0.0725,145,-0.00217,-4.33,23,0.405,0.422,0.389,0.76
583,0,0,850,850,1410000,2000,0,333,214,770,679,49,99800,131,150,540,0.075,150,-0.00108,-2.17,23,0.432,0.448,0.416,0.801
581,0,0,850,850,1350000,2000,0,334,226,814,676,49,98500,135,158,569,0.079,158,0.000649,1.3,23,0.459,0.477,0.442,0.811
578,0,0,850,850,1440000,2000,0,335,222,799,675,50,100000,133,157,565,0.0785,157,0.000431,0.863,23,0.439,0.456,0.423,0.785
582,0,0,850,850,1450000,2000,0,336,217,781,679,50,100000,132,157,565,0.0785,157,0.00043,0.86,25,0.445,0.463,0.428,0.794
581,0,0,850,850,1430000,2000,0,337,217,781,678,50,100000,129,148,533,0.074,148,-0.00152,-3.03,23,0.432,0.45,0.415,0.779
590,0,0,850,850,1550000,2000,0,338,206,742,683,48,96100,128,157,565,0.0785,157,0.000436,0.873,25,0.437,0.456,0.421,0.807
583,0,0,850,850,1440000,2000,0,339,220,792,679,49,99000,131,156,562,0.078,156,0.000219,0.439,23,0.449,0.467,0.433,0.785
582,0,0,850,850,1470000,2000,0,340,214,770,676,48,97000,128,154,554,0.077,154,-0.000217,-0.434,23,0.442,0.46,0.425,0.788
580,0,0,850,850,1390000,2000,0,341,224,806,677,50,100000,136,158,569,0.079,158,0.000649,1.3,25,0.452,0.471,0.434,0.791
573,0,0,850,850,1450000,2000,0,342,230,828,666,48,96000,135,166,598,0.083,166,0.00238,4.75,22,0.475,0.494,0.457,0.812
584,0,0,850,850,1490000,2000,0,343,215,774,683,51,103000,132,157,565,0.0785,157,0.000426,0.851,24,0.429,0.445,0.413,0.785
582,0,0,850,850,1440000,2000,0,344,213,767,679,49,99800,130,152,547,0.076,152,-0.000662,-1.32,23,0.433,0.449,0.418,0.774
582,0,0,850,850,1500000,2000,0,345,211,760,678,49,99500,127,150,540,0.075,150,-0.00109,-2.18,24,0.432,0.45,0.414,0.808
589,0,0,850,850,1490000,2000,0,346,196,706,689,51,103000,118,128,461,0.064,128,-0.00585,-11,26,0.37,0.385,0.356,0.717
580,0,0,850,850,1390000,2000,0,347,217,781,674,48,97700,127,142,511,0.071,142,-0.0028,-5.6,23,0.417,0.435,0.401,0.78
577,0,0,850,850,1530000,2000,0,348,222,799,675,50,101000,133,165,594,0.0825,165,0.00219,4.37,24,0.455,0.472,0.439,0.801
578,0,0,850,850,1520000,2000,0,349,222,799,671,48,96400,131,165,594,0.0825,165,0.00218,4.36,22,0.459,0.477,0.441,0.795
589,0,0,850,850,1470000,2000,0,350,198,713,683,48,97000,121,137,493,0.0685,137,-0.00389,-7.77,23,0.403,0.423,0.385,0.76
575,0,0,850,850,1490000,2000,0,351,225,810,671,49,99400,135,164,590,0.082,164,0.00196,3.93,26,0.452,0.472,0.433,0.795
585,0,0,850,850,1520000,2000,0,352,211,760,685,52,104000,131,154,554,0.077,154,-0.000201,-0.403,25,0.407,0.423,0.392,0.739
581,0,0,850,850,1470000,2000,0,353,219,788,678,49,99600,131,156,562,0.078,156,0.000232,0.464,23,0.449,0.464,0.434,0.826
584,0,0,850,850,1550000,2000,0,354,211,760,682,50,101000,129,158,569,0.079,158,0.000663,1.33,24,0.435,0.453,0.418,0.787
577,0,0,850,850,1380000,2000,0,355,224,806,674,49,99800,132,150,540,0.075,150,-0.00107,-2.14,24,0.428,0.446,0.412,0.774
575,0,0,850,850,1450000,2000,0,356,226,814,676,51,104000,133,156,562,0.078,156,0.000232,0.464,24,0.442,0.457,0.428,0.766
580,0,0,850,850,1570000,2000,0,357,208,749,676,49,99300,124,153,551,0.0765,153,-0.000421,-0.841,25,0.424,0.44,0.41,0.792
577,0,0,850,850,1490000,2000,0,358,221,796,672,48,97700,131,161,580,0.0805,161,0.00131,2.62,23,0.459,0.478,0.441,0.814
581,0,0,850,850,1440000,2000,0,359,224,806,680,51,103000,137,161,580,0.0805,161,0.00131,2.62,24,0.441,0.46,0.423,0.773
579,0,0,850,850,1400000,2000,0,360,213,767,672,48,96600,127,149,536,0.0745,149,-0.00129,-2.59,23,0.435,0.453,0.419,0.82
579,0,0,850,850,1510000,2000,0,361,221,796,676,49,99700,131,161,580,0.0805,161,0.00131,2.62,24,0.466,0.485,0.449,0.817
576,0,0,850,850,1510000,2000,0,362,227,817,676,51,104000,135,165,594,0.0825,165,0.00217,4.35,26,0.444,0.461,0.427,0.783
584,0,0,850,850,1390000,2000,0,363,220,792,680,49,98500,133,155,558,0.0775,155,2.14e-06,0.00428,24,0.433,0.451,0.417,0.783
578,0,0,850,850,1470000,2000,0,364,217,781,673,49,98200,129,156,562,0.078,156,0.000216,0.432,23,0.452,0.47,0.435,0.796
581,0,0,850,850,1410000,2000,0,365,215,774,674,48,96800,129,149,536,0.0745,149,-0.0013,-2.6,23,0.428,0.447,0.411,0.821
571,0,0,850,850,1590000,2000,0,366,230,828,666,49,97900,138,177,637,0.0885,177,0.00477,9.53,24,0.47,0.486,0.454,0.816
587,0,0,850,850,1390000,2000,0,367,212,763,683,49,98600,129,147,529,0.0735,147,-0.00174,-3.48,26,0.428,0.445,0.412,0.786
581,0,0,850,850,1520000,2000,0,368,215,774,677,49,99300,130,161,580,0.0805,161,0.00129,2.59,23,0.44,0.457,0.424,0.791
580,0,0,850,850,1450000,2000,0,369,221,796,679,50,102000,132,155,558,0.0775,155,-5.76e-06,-0.0115,24,0.442,0.457,0.427,0.795
588,0,0,850,850,1450000,2000,0,370,201,724,685,50,100000,122,137,493,0.0685,137,-0.0039,-7.81,24,0.416,0.432,0.4,0.776
583,0,0,850,850,1510000,2000,0,371,214,770,680,50,101000,129,153,551,0.0765,153,-0.000428,-0.856,23,0.426,0.444,0.409,0.778
581,0,0,850,850,1470000,2000,0,372,211,760,674,47,95900,128,151,544,0.0755,151,-0.000864,-1.73,25,0.436,0.454,0.42,0.782
585,0,0,850,850,1430000,2000,0,373,215,774,684,51,103000,132,151,544,0.0755,151,-0.000859,-1.72,27,0.424,0.442,0.407,0.748
581,0,0,850,850,1490000,2000,0,374,209,752,677,49,99200,126,148,533,0.074,148,-0.00151,-3.02,25,0.426,0.446,0.408,0.789
577,0,0,850,850,1440000,2000,0,375,227,817,680,53,107000,137,158,569,0.079,158,0.000662,1.32,26,0.419,0.436,0.404,0.756
579,0,0,850,850,1550000,2000,0,376,218,785,678,50,102000,129,157,565,0.0785,157,0.000446,0.893,25,0.425,0.44,0.41,0.777
579,0,0,850,850,1400000,2000,0,377,230,828,675,49,98900,135,163,587,0.0815,163,0.00174,3.49,24,0.471,0.489,0.453,0.79
586,0,0,850,850,1420000,2000,0,378,212,763,681,49,98800,125,142,511,0.071,142,-0.00281,-5.61,25,0.413,0.43,0.397,0.778
582,0,0,850,850,1370000,2000,0,379,221,796,674,47,95500,131,152,547,0.076,152,-0.000637,-1.27,26,0.445,0.463,0.427,0.807
581,0,0,850,850,1480000,2000,0,380,223,803,680,51,102000,134,159,572,0.0795,159,0.000884,1.77,25,0.431,0.447,0.415,0.781
586,0,0,850,850,1570000,2000,0,381,208,749,680,48,97400,128,160,576,0.08,160,0.00109,2.19,24,0.441,0.461,0.423,0.797
593,0,0,850,850,1470000,2000,0,382,200,720,686,48,96300,122,141,508,0.0705,141,-0.00302,-6.04,24,0.42,0.439,0.403,0.78
579,0,0,850,850,1520000,2000,0,383,222,799,675,49,99200,135,170,612,0.085,170,0.00326,6.52,25,0.466,0.484,0.45,0.803
578,0,0,850,850,1370000,2000,0,384,231,832,670,47,95000,137,165,594,0.0825,165,0.00217,4.34,24,0.473,0.493,0.456,0.829
573,0,0,850,850,1410000,2000,0,385,233,839,672,50,102000,137,160,576,0.08,160,0.00109,2.17,27,0.459,0.473,0.445,0.799
579,0,0,850,850,1410000,2000,0,386,217,781,677,50,101000,131,150,540,0.075,150,-0.00108,-2.17,28,0.438,0.455,0.423,0.8
575,0,0,850,850,1460000,2000,0,387,230,828,671,49,99400,135,168,605,0.084,168,0.00282,5.63,26,0.468,0.485,0.452,0.812
578,0,0,850,850,1460000,2000,0,388,219,788,672,48,97200,129,156,562,0.078,156,0.000212,0.423,26,0.463,0.482,0.445,0.839
582,0,0,850,850,1500000,2000,0,389,218,785,679,50,100000,131,156,562,0.078,156,0.000214,0.427,26,0.444,0.461,0.429,0.79
571,0,0,850,850,1480000,2000,0,390,238,857,672,51,104000,140,169,608,0.0845,169,0.00303,6.06,25,0.463,0.48,0.447,0.796
579,0,0,850,850,1400000,2000,0,391,225,810,678,51,102000,136,159,572,0.0795,159,0.000852,1.7,25,0.437,0.453,0.422,0.769
582,0,0,850,850,1470000,2000,0,392,213,767,677,49,97900,129,155,558,0.0775,155,-1.66e-05,-0.0331,24,0.429,0.449,0.411,0.79
577,0,0,850,850,1630000,2000,0,393,220,792,676,51,102000,130,165,594,0.0825,165,0.00215,4.31,26,0.443,0.461,0.427,0.778
574,0,0,850,850,1380000,2000,0,394,230,828,671,50,100000,136,162,583,0.081,162,0.00149,2.99,24,0.459,0.477,0.441,0.794
576,0,0,850,850,1550000,2000,0,395,222,799,677,52,104000,133,163,587,0.0815,163,0.00171,3.42,25,0.451,0.47,0.433,0.783
581,0,0,850,850,1430000,2000,0,396,219,788,682,52,104000,133,152,547,0.076,152,-0.000678,-1.36,25,0.424,0.44,0.41,0.778
580,0,0,850,850,1400000,2000,0,397,219,788,674,48,96600,131,152,547,0.076,152,-0.000677,-1.35,23,0.439,0.457,0.422,0.785
581,0,0,850,850,1470000,2000,0,398,218,785,682,52,104000,131,153,551,0.0765,153,-0.000458,-0.916,25,0.396,0.411,0.383,0.729
586,0,0,850,850,1410000,2000,0,399,218,785,689,52,106000,132,147,529,0.0735,147,-0.00175,-3.51,27,0.414,0.429,0.4,0.736
584,0,0,850,850,1400000,2000,0,400,214,770,678,48,97600,130,152,547,0.076,152,-0.000672,-1.34,23,0.433,0.45,0.417,0.792
585,0,0,850,850,1440000,2000,0,401,216,778,680,49,98400,130,153,551,0.0765,153,-0.00045,-0.9,23,0.434,0.451,0.417,0.796
585,0,0,850,850,1460000,2000,0,402,211,760,681,49,99000,127,150,540,0.075,150,-0.0011,-2.2,24,0.435,0.451,0.42,0.797
585,0,0,850,850,1410000,2000,0,403,211,760,681,49,99000,129,146,526,0.073,146,-0.00197,-3.93,23,0.416,0.432,0.4,0.775
584,0,0,850,850,1450000,2000,0,404,214,770,684,51,103000,128,145,522,0.0725,145,-0.00217,-4.35,26,0.421,0.437,0.406,0.755
587,0,0,850,850,1500000,2000,0,405,203,731,684,50,101000,123,139,500,0.0695,139,-0.00347,-6.94,24,0.41,0.425,0.396,0.761
589,0,0,850,850,1490000,2000,0,406,203,731,686,50,100000,123,142,511,0.071,142,-0.00281,-5.63,24,0.408,0.423,0.395,0.764
575,0,0,850,850,1390000,2000,0,407,227,817,675,51,102000,136,155,558,0.0775,155,1.1e-05,0.022,24,0.417,0.435,0.401,0.754
590,0,0,850,850,1370000,2000,0,408,206,742,687,50,101000,128,141,508,0.0705,141,-0.00303,-6.05,25,0.417,0.435,0.401,0.758
595,0,0,850,850,1480000,2000,0,409,194,698,691,49,98700,121,139,500,0.0695,139,-0.00345,-6.91,28,0.403,0.418,0.39,0.763
585,0,0,850,850,1490000,2000,0,410,218,785,681,49,99200,131,160,576,0.08,160,0.00112,2.23,25,0.455,0.475,0.437,0.797
588,0,0,850,850,1570000,2000,0,411,203,731,683,49,98300,125,153,551,0.0765,153,-0.000409,-0.817,23,0.423,0.441,0.406,0.77
582,0,0,850,850,1460000,2000,0,412,218,785,677,49,98000,131,160,576,0.08,160,0.00111,2.22,22,0.458,0.478,0.44,0.796
590,0,0,850,850,1520000,2000,0,413,206,742,688,50,102000,127,149,536,0.0745,149,-0.00128,-2.55,23,0.407,0.422,0.392,0.744
582,0,0,850,850,1510000,2000,0,414,216,778,679,49,99400,133,161,580,0.0805,161,0.00133,2.66,21,0.436,0.455,0.419,0.793
575,0,0,850,850,1540000,2000,0,415,223,803,671,49,98600,133,166,598,0.083,166,0.00241,4.82,22,0.471,0.489,0.455,0.82
576,0,0,850,850,1490000,2000,0,416,221,796,680,53,106000,135,156,562,0.078,156,0.000234,0.468,23,0.41,0.424,0.398,0.756
577,0,0,850,850,1530000,2000,0,417,227,817,674,49,99700,137,170,612,0.085,170,0.00327,6.54,22,0.462,0.48,0.445,0.783
578,0,0,850,850,1560000,2000,0,418,219,788,679,52,104000,131,158,569,0.079,158,0.000661,1.32,23,0.412,0.426,0.399,0.771
580,0,0,850,850,1420000,2000,0,419,224,806,677,50,100000,134,156,562,0.078,156,0.000226,0.451,24,0.453,0.473,0.434,0.797
590,0,0,850,850,1510000,2000,0,420,206,742,686,49,99700,126,152,547,0.076,152,-0.000643,-1.29,20,0.433,0.452,0.415,0.765
588,0,0,850,850,1500000,2000,0,421,206,742,682,48,96600,126,152,547,0.076,152,-0.000642,-1.28,19,0.435,0.455,0.417,0.784
573,0,0,850,850,1500000,2000,0,422,224,806,671,50,101000,132,161,580,0.0805,161,0.00131,2.62,22,0.447,0.465,0.431,0.807
591,0,0,850,850,1500000,2000,0,423,203,731,685,48,97600,125,147,529,0.0735,147,-0.00173,-3.45,20,0.427,0.446,0.41,0.793
584,0,0,850,850,1410000,2000,0,424,218,785,683,51,102000,134,154,554,0.077,154,-0.000206,-0.412,20,0.439,0.455,0.423,0.778
574,0,0,850,850,1480000,2000,0,425,233,839,669,49,98600,137,171,616,0.0855,171,0.00348,6.96,21,0.486,0.506,0.468,0.813
587,0,0,850,850,1460000,2000,0,426,204,734,684,50,100000,126,145,522,0.0725,145,-0.00216,-4.33,19,0.411,0.428,0.395,0.765
583,0,0,850,850,1430000,2000,0,427,219,788,680,50,100000,129,151,544,0.0755,151,-0.000857,-1.71,21,0.433,0.452,0.416,0.763
597,0,0,850,850,1560000,2000,0,428,194,698,690,48,96300,120,145,522,0.0725,145,-0.00215,-4.31,21,0.41,0.428,0.392,0.77
575,0,0,850,850,1530000,2000,0,429,226,814,674,51,102000,134,163,587,0.0815,163,0.00175,3.5,20,0.437,0.453,0.423,0.769
596,0,0,850,850,1470000,2000,0,430,196,706,693,50,100000,122,138,497,0.069,138,-0.00367,-7.34,21,0.393,0.409,0.377,0.745
578,0,0,850,850,1690000,2000,0,431,216,778,675,50,100000,130,168,605,0.084,168,0.00284,5.67,20,0.438,0.456,0.42,0.773
586,0,0,850,850,1580000,2000,0,432,214,770,683,50,100000,131,163,587,0.0815,163,0.00175,3.5,20,0.427,0.446,0.41,0.759
580,0,0,850,850,1420000,2000,0,433,220,792,677,50,101000,132,152,547,0.076,152,-0.000639,-1.28,19,0.429,0.447,0.412,0.768
584,0,0,850,850,1550000,2000,0,434,216,778,676,47,94900,130,166,598,0.083,166,0.00239,4.78,19,0.446,0.467,0.427,0.787
569,0,0,850,850,1550000,2000,0,435,237,853,669,51,103000,141,177,637,0.0885,177,0.00476,9.53,22,0.458,0.475,0.441,0.795
582,0,0,850,850,1530000,2000,0,436,211,760,683,52,104000,129,152,547,0.076,152,-0.000654,-1.31,20,0.402,0.416,0.39,0.753
579,0,0,850,850,1550000,2000,0,437,218,785,676,49,99800,132,161,580,0.0805,161,0.00129,2.59,20,0.45,0.468,0.433,0.803
574,0,0,850,850,1490000,2000,0,438,222,799,670,49,98700,132,160,576,0.08,160,0.00107,2.15,19,0.451,0.47,0.434,0.825
579,0,0,850,850,1440000,2000,0,439,218,785,674,49,98600,129,151,544,0.0755,151,-0.000876,-1.75,18,0.43,0.448,0.413,0.787
581,0,0,850,850,1370000,2000,0,440,219,788,673,47,95300,131,154,554,0.077,154,-0.000226,-0.452,19,0.459,0.479,0.44,0.815
581,0,0,850,850,1550000,2000,0,441,214,770,674,48,96200,127,161,580,0.0805,161,0.00129,2.58,19,0.446,0.466,0.426,0.805
587,0,0,850,850,1440000,2000,0,442,205,738,683,49,99600,124,141,508,0.0705,141,-0.00304,-6.08,18,0.421,0.439,0.405,0.754
582,0,0,850,850,1440000,2000,0,443,228,821,674,47,95000,135,167,601,0.0835,167,0.0026,5.19,19,0.486,0.506,0.467,0.837
580,0,0,850,850,1470000,2000,0,444,221,796,678,50,101000,134,161,580,0.0805,161,0.00129,2.58,17,0.431,0.449,0.415,0.772
584,0,0,850,850,1510000,2000,0,445,203,731,688,53,107000,123,137,493,0.0685,137,-0.00391,-7.82,19,0.364,0.378,0.352,0.707
573,0,0,850,850,1390000,2000,0,446,228,821,669,49,99200,134,158,569,0.079,158,0.000645,1.29,20,0.452,0.47,0.436,0.815
586,0,0,850,850,1540000,2000,0,447,212,763,682,49,99000,128,156,562,0.078,156,0.000214,0.428,18,0.43,0.449,0.413,0.782
585,0,0,850,850,1600000,2000,0,448,208,749,685,51,103000,129,155,558,0.0775,155,-3.03e-06,-0.00605,18,0.414,0.429,0.4,0.775
584,0,0,850,850,1430000,2000,0,449,218,785,677,48,96200,132,157,565,0.0785,157,0.000428,0.857,22,0.454,0.473,0.436,0.83
574,0,0,850,850,1410000,2000,0,450,230,828,668,48,96900,136,165,594,0.0825,165,0.00216,4.32,18,0.466,0.485,0.448,0.811
576,0,0,850,850,1510000,2000,0,451,226,814,672,49,99400,135,167,601,0.0835,167,0.00259,5.18,18,0.45,0.466,0.435,0.798
581,0,0,850,850,1420000,2000,0,452,217,781,674,48,96400,129,153,551,0.0765,153,-0.000451,-0.901,20,0.455,0.473,0.438,0.806
579,0,0,850,850,1540000,2000,0,453,219,788,676,50,100000,133,163,587,0.0815,163,0.00172,3.43,18,0.447,0.465,0.431,0.808
582,0,0,850,850,1460000,2000,0,454,220,792,682,51,103000,133,155,558,0.0775,155,-1.81e-05,-0.0362,20,0.427,0.443,0.413,0.778
578,0,0,850,850,1530000,2000,0,455,219,788,673,48,97700,132,162,583,0.081,162,0.0015,2.99,18,0.453,0.472,0.435,0.816
576,0,0,850,850,1530000,2000,0,456,227,817,675,51,102000,134,164,590,0.082,164,0.00193,3.86,18,0.439,0.454,0.424,0.79
582,0,0,850,850,1510000,2000,0,457,210,756,680,50,101000,127,147,529,0.0735,147,-0.00176,-3.52,21,0.415,0.429,0.401,0.784
575,0,0,850,850,1400000,2000,0,458,222,799,671,49,99400,132,151,544,0.0755,151,-0.000891,-1.78,19,0.43,0.448,0.413,0.785
587,0,0,850,850,1510000,2000,0,459,211,760,682,49,98600,128,156,562,0.078,156,0.000196,0.392,18,0.433,0.451,0.415,0.79
582,0,0,850,850,1510000,2000,0,460,215,774,676,48,96800,129,160,576,0.08,160,0.00106,2.12,20,0.451,0.47,0.433,0.792
582,0,0,850,850,1460000,2000,0,461,217,781,676,48,97300,130,159,572,0.0795,159,0.000842,1.68,18,0.454,0.473,0.437,0.804
583,0,0,850,850,1500000,2000,0,462,208,749,678,49,98500,128,151,544,0.0755,151,-0.000893,-1.79,18,0.427,0.444,0.411,0.785
579,0,0,850,850,1550000,2000,0,463,217,781,676,50,100000,131,162,583,0.081,162,0.00149,2.98,19,0.444,0.461,0.428,0.805
579,0,0,850,850,1480000,2000,0,464,216,778,677,50,101000,126,147,529,0.0735,147,-0.00176,-3.52,19,0.415,0.433,0.398,0.781
577,0,0,850,850,1410000,2000,0,465,223,803,671,48,97100,133,157,565,0.0785,157,0.000408,0.816,19,0.447,0.465,0.43,0.799
574,0,0,850,850,1440000,2000,0,466,231,832,671,49,99700,137,165,594,0.0825,165,0.00214,4.28,18,0.466,0.484,0.449,0.814
576,0,0,850,850,1410000,2000,0,467,230,828,675,51,103000,137,162,583,0.081,162,0.00149,2.98,19,0.459,0.476,0.442,0.798
578,0,0,850,850,1390000,2000,0,468,232,835,674,49,98800,137,164,590,0.082,164,0.00192,3.84,20,0.465,0.482,0.449,0.795
584,0,0,850,850,1510000,2000,0,469,212,763,676,47,95100,129,153,551,0.0765,153,-0.000468,-0.936,17,0.442,0.46,0.425,0.811
584,0,0,850,850,1420000,2000,0,470,216,778,678,48,97200,130,155,558,0.0775,155,-3.57e-05,-0.0714,18,0.454,0.474,0.436,0.821
579,0,0,850,850,1400000,2000,0,471,221,796,671,47,95500,127,149,536,0.0745,149,-0.00134,-2.67,19,0.457,0.476,0.44,0.811
586,0,0,850,850,1430000,2000,0,472,212,763,682,49,99500,130,151,544,0.0755,151,-0.0009,-1.8,18,0.422,0.44,0.405,0.784
575,0,0,850,850,1500000,2000,0,473,222,799,674,51,102000,135,160,576,0.08,160,0.00105,2.1,20,0.428,0.444,0.412,0.782
577,0,0,850,850,1370000,2000,0,474,227,817,675,50,102000,134,154,554,0.077,154,-0.00025,-0.499,19,0.437,0.453,0.421,0.787
582,0,0,850,850,1450000,2000,0,475,215,774,679,50,100000,130,153,551,0.0765,153,-0.000466,-0.931,18,0.437,0.456,0.42,0.78
589,0,0,850,850,1480000,2000,0,476,216,778,685,49,99600,133,159,572,0.0795,159,0.000838,1.68,20,0.436,0.453,0.42,0.784
586,0,0,850,850,1560000,2000,0,477,208,749,682,49,99100,128,153,551,0.0765,153,-0.000464,-0.928,18,0.426,0.442,0.411,0.791
586,0,0,850,850,1400000,2000,0,478,211,760,683,50,100000,128,147,529,0.0735,147,-0.00177,-3.53,18,0.426,0.444,0.409,0.753
587,0,0,850,850,1400000,2000,0,479,214,770,684,50,101000,130,147,529,0.0735,147,-0.00176,-3.52,20,0.41,0.428,0.394,0.754
586,0,0,850,850,1610000,2000,0,480,200,720,682,49,98600,122,149,536,0.0745,149,-0.00132,-2.65,18,0.419,0.436,0.402,0.782
583,0,0,850,850,1420000,2000,0,481,209,752,678,49,98000,125,140,504,0.07,140,-0.00327,-6.55,19,0.421,0.439,0.405,0.754
577,0,0,850,850,1440000,2000,0,482,226,814,674,49,99900,130,155,558,0.0775,155,-1.33e-05,-0.0265,18,0.446,0.464,0.429,0.804
581,0,0,850,850,1460000,2000,0,483,212,763,679,50,102000,127,145,522,0.0725,145,-0.00218,-4.37,19,0.421,0.436,0.406,0.768
581,0,0,850,850,1450000,2000,0,484,220,792,680,51,103000,133,156,562,0.078,156,0.000207,0.414,20,0.425,0.441,0.41,0.774
582,0,0,850,850,1510000,2000,0,485,222,799,678,49,99600,133,163,587,0.0815,163,0.00172,3.45,18,0.446,0.464,0.429,0.789
579,0,0,850,850,1480000,2000,0,486,215,774,682,53,106000,129,146,526,0.073,146,-0.00196,-3.93,19,0.404,0.421,0.388,0.723
578,0,0,850,850,1390000,2000,0,487,225,810,674,49,98800,135,156,562,0.078,156,0.000206,0.412,19,0.449,0.466,0.433,0.814
587,0,0,850,850,1450000,2000,0,488,208,749,685,50,101000,127,145,522,0.0725,145,-0.00218,-4.36,18,0.413,0.428,0.398,0.772
587,0,0,850,850,1500000,2000,0,489,204,734,684,50,100000,125,146,526,0.073,146,-0.00196,-3.92,18,0.42,0.441,0.401,0.753
583,0,0,850,850,1380000,2000,0,490,215,774,684,51,103000,131,144,518,0.072,144,-0.00239,-4.78,21,0.41,0.424,0.397,0.761
580,0,0,850,850,1610000,2000,0,491,212,763,678,50,101000,128,160,576,0.08,160,0.00109,2.17,18,0.438,0.458,0.419,0.778
587,0,0,850,850,1470000,2000,0,492,211,760,685,50,102000,127,148,533,0.074,148,-0.00152,-3.03,19,0.402,0.422,0.383,0.743
587,0,0,850,850,1460000,2000,0,493,212,763,685,50,101000,129,148,533,0.074,148,-0.00151,-3.03,23,0.414,0.43,0.399,0.758
582,0,0,850,850,1350000,2000,0,494,219,788,678,49,99100,131,146,526,0.073,146,-0.00195,-3.89,18,0.443,0.463,0.424,0.786
583,0,0,850,850,1370000,2000,0,495,214,770,679,49,99500,131,147,529,0.0735,147,-0.00173,-3.45,19,0.428,0.447,0.411,0.764
577,0,0,850,850,1450000,2000,0,496,224,806,674,49,99400,134,159,572,0.0795,159,0.000881,1.76,20,0.441,0.457,0.425,0.793
581,0,0,850,850,1420000,2000,0,497,216,778,673,47,95700,128,152,547,0.076,152,-0.000639,-1.28,17,0.45,0.47,0.431,0.82
584,0,0,850,850,1360000,2000,0,498,224,806,681,50,100000,135,156,562,0.078,156,0.000231,0.463,20,0.441,0.461,0.422,0.763
578,0,0,850,850,1620000,2000,0,499,221,796,672,48,97300,133,174,626,0.087,174,0.00413,8.27,18,0.475,0.495,0.456,0.825
581,0,0,850,850,1420000,2000,0,500,216,778,674,48,96300,129,153,551,0.0765,153,-0.00043,-0.86,17,0.433,0.453,0.415,0.789
577,0,0,850,850,1450000,2000,0,501,220,792,673,49,99500,132,155,558,0.0775,155,4.55e-06,0.0091,20,0.443,0.461,0.427,0.791
589,0,0,850,850,1450000,2000,0,502,209,752,682,48,96300,128,149,536,0.0745,149,-0.00129,-2.59,18,0.434,0.451,0.418,0.786
583,0,0,850,850,1530000,2000,0,503,208,749,677,48,97000,123,148,533,0.074,148,-0.00151,-3.02,18,0.424,0.442,0.407,0.785
576,0,0,850,850,1410000,2000,0,504,218,785,673,50,100000,131,151,544,0.0755,151,-0.000859,-1.72,20,0.434,0.45,0.419,0.773
581,0,0,850,850,1410000,2000,0,505,216,778,679,51,102000,130,149,536,0.0745,149,-0.00129,-2.58,19,0.411,0.427,0.395,0.735
578,0,0,850,850,1500000,2000,0,506,219,788,681,53,107000,130,149,536,0.0745,149,-0.00128,-2.57,20,0.399,0.415,0.384,0.745
572,0,0,850,850,1480000,2000,0,507,235,846,670,50,101000,137,171,616,0.0855,171,0.00349,6.97,18,0.464,0.483,0.446,0.806
581,0,0,850,850,1450000,2000,0,508,216,778,684,53,106000,132,147,529,0.0735,147,-0.00172,-3.44,19,0.389,0.404,0.375,0.74
593,0,0,850,850,1380000,2000,0,509,195,702,690,49,99600,122,129,464,0.0645,129,-0.00562,-11,20,0.374,0.389,0.361,0.714
573,0,0,850,850,1450000,2000,0,510,231,832,671,50,101000,136,166,598,0.083,166,0.00241,4.82,18,0.462,0.479,0.445,0.805
584,0,0,850,850,1460000,2000,0,511,212,763,684,51,104000,128,147,529,0.0735,147,-0.00171,-3.43,19,0.42,0.436,0.405,0.754
581,0,0,850,850,1590000,2000,0,512,211,760,679,50,102000,128,156,562,0.078,156,0.000241,0.482,19,0.431,0.449,0.415,0.795
583,0,0,850,850,1390000,2000,0,513,219,788,676,48,96400,130,153,551,0.0765,153,-0.000409,-0.819,17,0.459,0.476,0.444,0.822
580,0,0,850,850,1420000,2000,0,514,220,792,674,48,97200,134,158,569,0.079,158,0.000673,1.35,18,0.449,0.467,0.432,0.808
580,0,0,850,850,1480000,2000,0,515,220,792,675,49,98500,134,162,583,0.081,162,0.00154,3.08,20,0.441,0.459,0.425,0.803
578,0,0,850,850,1390000,2000,0,516,221,796,674,49,99300,132,151,544,0.0755,151,-0.000848,-1.7,18,0.446,0.462,0.43,0.808
576,0,0,850,850,1340000,2000,0,517,225,810,676,51,103000,134,147,529,0.0735,147,-0.00171,-3.43,21,0.416,0.432,0.401,0.755
577,0,0,850,850,1470000,2000,0,518,218,785,672,49,98400,131,155,558,0.0775,155,2.38e-05,0.0476,18,0.445,0.461,0.429,0.804
580,0,0,850,850,1580000,2000,0,519,222,799,677,49,99900,132,168,605,0.084,168,0.00284,5.69,18,0.447,0.465,0.429,0.781
587,0,0,850,850,1510000,2000,0,520,212,763,685,50,101000,131,157,565,0.0785,157,0.000454,0.909,20,0.428,0.445,0.411,0.753
588,0,0,850,850,1460000,2000,0,521,216,778,681,48,96400,132,161,580,0.0805,161,0.00132,2.64,18,0.455,0.475,0.435,0.81
584,0,0,850,850,1430000,2000,0,522,213,767,677,48,96600,126,147,529,0.0735,147,-0.00172,-3.43,17,0.428,0.446,0.411,0.773
571,0,0,850,850,1580000,2000,0,523,235,846,669,50,101000,140,180,648,0.09,180,0.00544,10,20,0.472,0.489,0.456,0.807
581,0,0,850,850,1420000,2000,0,524,228,821,677,49,99200,135,163,587,0.0815,163,0.00174,3.49,18,0.456,0.474,0.439,0.8
585,0,0,850,850,1380000,2000,0,525,220,792,683,50,101000,130,151,544,0.0755,151,-0.000859,-1.72,19,0.429,0.448,0.412,0.774
596,0,0,850,850,1450000,2000,0,526,196,706,688,47,94700,118,136,490,0.068,136,-0.00411,-8.22,17,0.404,0.42,0.389,0.769
579,0,0,850,850,1420000,2000,0,527,223,803,672,48,96600,132,159,572,0.0795,159,0.000882,1.76,18,0.462,0.481,0.444,0.828
582,0,0,850,850,1550000,2000,0,528,218,785,677,49,98100,131,163,587,0.0815,163,0.00175,3.5,19,0.453,0.472,0.435,0.824
576,0,0,850,850,1500000,2000,0,529,223,803,671,48,97800,130,162,583,0.081,162,0.00153,3.05,18,0.464,0.48,0.448,0.828
582,0,0,850,850,1600000,2000,0,530,208,749,680,50,101000,127,153,551,0.0765,153,-0.000426,-0.851,19,0.416,0.431,0.401,0.762
579,0,0,850,850,1490000,2000,0,531,217,781,674,49,98500,130,156,562,0.078,156,0.000224,0.448,19,0.455,0.471,0.439,0.825
584,0,0,850,850,1540000,2000,0,532,213,767,683,51,102000,127,153,551,0.0765,153,-0.000424,-0.847,18,0.426,0.44,0.413,0.79
587,0,0,850,850,1510000,2000,0,533,214,770,688,52,104000,131,153,551,0.0765,153,-0.000423,-0.846,21,0.423,0.439,0.407,0.754
582,0,0,850,850,1490000,2000,0,534,211,760,679,50,101000,129,150,540,0.075,150,-0.00107,-2.15,18,0.42,0.437,0.405,0.783
578,0,0,850,850,1490000,2000,0,535,227,817,675,49,99900,137,168,605,0.084,168,0.00283,5.66,18,0.466,0.486,0.448,0.81
582,0,0,850,850,1510000,2000,0,536,214,770,680,50,101000,128,153,551,0.0765,153,-0.000426,-0.852,20,0.43,0.447,0.415,0.778
574,0,0,850,850,1400000,2000,0,537,229,824,671,50,100000,134,157,565,0.0785,157,0.000439,0.879,18,0.456,0.474,0.44,0.801
576,0,0,850,850,1490000,2000,0,538,223,803,680,53,107000,132,154,554,0.077,154,-0.000209,-0.419,19,0.405,0.419,0.391,0.735
584,0,0,850,850,1410000,2000,0,539,218,785,682,50,101000,130,150,540,0.075,150,-0.00108,-2.15,21,0.44,0.457,0.424,0.791
576,0,0,850,850,1420000,2000,0,540,226,814,672,49,98600,132,159,572,0.0795,159,0.000875,1.75,18,0.457,0.474,0.44,0.786
576,0,0,850,850,1370000,2000,0,541,234,842,674,50,102000,139,159,572,0.0795,159,0.000874,1.75,19,0.463,0.481,0.446,0.817
589,0,0,850,850,1540000,2000,0,542,214,770,687,50,102000,132,161,580,0.0805,161,0.00131,2.61,23,0.437,0.456,0.419,0.774
583,0,0,850,850,1530000,2000,0,543,211,760,680,49,99300,126,153,551,0.0765,153,-0.000429,-0.859,18,0.428,0.446,0.411,0.787
585,0,0,850,850,1500000,2000,0,544,207,745,678,48,96500,125,154,554,0.077,154,-0.000214,-0.427,17,0.448,0.468,0.43,0.805
577,0,0,850,850,1500000,2000,0,545,216,778,673,49,98800,130,155,558,0.0775,155,2.89e-06,0.00578,20,0.451,0.47,0.433,0.804
577,0,0,850,850,1430000,2000,0,546,223,803,676,51,102000,130,151,544,0.0755,151,-0.000862,-1.72,19,0.433,0.449,0.417,0.782
596,0,0,850,850,1470000,2000,0,547,195,702,689,48,96300,120,139,500,0.0695,139,-0.00346,-6.92,18,0.409,0.424,0.394,0.762
583,0,0,850,850,1440000,2000,0,548,216,778,679,49,98300,129,150,540,0.075,150,-0.00107,-2.14,20,0.444,0.462,0.427,0.789
585,0,0,850,850,1530000,2000,0,549,216,778,678,48,96800,130,161,580,0.0805,161,0.00131,2.63,17,0.452,0.471,0.435,0.802
591,0,0,850,850,1400000,2000,0,550,200,720,684,47,95300,123,137,493,0.0685,137,-0.00389,-7.77,19,0.418,0.435,0.402,0.777
582,0,0,850,850,1570000,2000,0,551,213,767,676,48,97100,127,157,565,0.0785,157,0.000452,0.904,18,0.445,0.463,0.427,0.798
583,0,0,850,850,1360000,2000,0,552,218,785,679,50,99900,130,145,522,0.0725,145,-0.00215,-4.3,18,0.43,0.445,0.416,0.798
579,0,0,850,850,1660000,2000,0,553,211,760,673,48,97900,125,160,576,0.08,160,0.0011,2.21,19,0.437,0.455,0.42,0.786
581,0,0,850,850,1400000,2000,0,554,217,781,680,51,102000,129,142,511,0.071,142,-0.00279,-5.59,19,0.422,0.441,0.404,0.762
582,0,0,850,850,1430000,2000,0,555,221,796,679,50,101000,133,155,558,0.0775,155,2.5e-05,0.05,18,0.436,0.452,0.422,0.784
574,0,0,850,850,1480000,2000,0,556,233,839,672,51,102000,139,169,608,0.0845,169,0.00306,6.11,20,0.452,0.469,0.436,0.787
582,0,0,850,850,1480000,2000,0,557,224,806,677,48,97600,134,169,608,0.0845,169,0.00305,6.1,18,0.474,0.492,0.458,0.818
584,0,0,850,850,1380000,2000,0,558,217,781,682,50,101000,129,145,522,0.0725,145,-0.00215,-4.3,20,0.419,0.436,0.403,0.736
583,0,0,850,850,1440000,2000,0,559,218,785,678,49,98700,131,156,562,0.078,156,0.000234,0.468,18,0.442,0.459,0.426,0.807
594,0,0,850,850,1470000,2000,0,560,195,702,689,49,98800,119,133,479,0.0665,133,-0.00474,-9.49,18,0.395,0.411,0.38,0.748
576,0,0,850,850,1520000,2000,0,561,229,824,674,50,101000,138,172,619,0.086,172,0.00371,7.41,20,0.453,0.469,0.438,0.799
585,0,0,850,850,1500000,2000,0,562,207,745,678,48,96000,124,149,536,0.0745,149,-0.00128,-2.56,17,0.428,0.448,0.409,0.801
575,0,0,850,850,1600000,2000,0,563,222,799,671,49,98300,129,164,590,0.082,164,0.00197,3.94,18,0.449,0.467,0.432,0.796
585,0,0,850,850,1470000,2000,0,564,211,760,684,50,101000,129,147,529,0.0735,147,-0.00171,-3.43,21,0.415,0.428,0.402,0.771
587,0,0,850,850,1460000,2000,0,565,210,756,684,50,100000,127,146,526,0.073,146,-0.00193,-3.85,18,0.419,0.434,0.405,0.795
586,0,0,850,850,1490000,2000,0,566,211,760,682,49,99100,129,153,551,0.0765,153,-0.000408,-0.815,20,0.43,0.448,0.414,0.762
585,0,0,850,850,1480000,2000,0,567,209,752,682,50,99900,127,147,529,0.0735,147,-0.00171,-3.41,18,0.412,0.428,0.397,0.758
575,0,0,850,850,1370000,2000,0,568,229,824,674,51,102000,136,157,565,0.0785,157,0.00046,0.919,18,0.442,0.46,0.425,0.779
576,0,0,850,850,1480000,2000,0,569,223,803,676,51,103000,132,158,569,0.079,158,0.000676,1.35,20,0.439,0.455,0.423,0.77
582,0,0,850,850,1420000,2000,0,570,213,767,677,49,97900,130,152,547,0.076,152,-0.000625,-1.25,18,0.439,0.455,0.424,0.781
588,0,0,850,850,1560000,2000,0,571,204,734,684,49,99400,126,151,544,0.0755,151,-0.000838,-1.68,18,0.412,0.428,0.396,0.759
580,0,0,850,850,1420000,2000,0,572,224,806,675,49,99000,135,161,580,0.0805,161,0.00133,2.65,20,0.456,0.474,0.439,0.8
584,0,0,850,850,1350000,2000,0,573,220,792,678,48,96900,132,153,551,0.0765,153,-0.000407,-0.815,18,0.457,0.474,0.441,0.803
583,0,0,850,850,1410000,2000,0,574,214,770,683,52,104000,130,145,522,0.0725,145,-0.00214,-4.28,18,0.427,0.443,0.413,0.772
579,0,0,850,850,1450000,2000,0,575,216,778,673,48,97300,126,149,536,0.0745,149,-0.00127,-2.54,19,0.44,0.458,0.423,0.796
589,0,0,850,850,1520000,2000,0,576,209,752,683,48,97000,127,154,554,0.077,154,-0.000182,-0.365,18,0.439,0.458,0.421,0.802
582,0,0,850,850,1480000,2000,0,577,218,785,675,48,96700,129,158,569,0.079,158,0.000683,1.37,20,0.459,0.478,0.441,0.814
580,0,0,850,850,1500000,2000,0,578,214,770,675,49,98100,128,153,551,0.0765,153,-0.000402,-0.803,18,0.427,0.445,0.411,0.772
584,0,0,850,850,1500000,2000,0,579,218,785,685,51,104000,131,153,551,0.0765,153,-0.000398,-0.796,19,0.424,0.439,0.409,0.769
583,0,0,850,850,1480000,2000,0,580,213,767,678,49,98400,129,155,558,0.0775,155,3.31e-05,0.0663,19,0.438,0.456,0.422,0.78
580,0,0,850,850,1460000,2000,0,581,226,814,679,51,102000,136,163,587,0.0815,163,0.00177,3.53,18,0.44,0.459,0.421,0.771
574,0,0,850,850,1440000,2000,0,582,229,824,677,52,106000,136,156,562,0.078,156,0.000247,0.495,19,0.422,0.439,0.407,0.775
584,0,0,850,850,1470000,2000,0,583,212,763,681,50,100000,128,149,536,0.0745,149,-0.00127,-2.54,20,0.424,0.441,0.408,0.774
585,0,0,850,850,1500000,2000,0,584,213,767,687,52,105000,129,149,536,0.0745,149,-0.00127,-2.53,19,0.404,0.419,0.39,0.767
578,0,0,850,850,1450000,2000,0,585,224,806,675,50,100000,135,160,576,0.08,160,0.00112,2.23,19,0.443,0.458,0.43,0.77
573,0,0,850,850,1450000,2000,0,586,239,860,669,49,99000,140,174,626,0.087,174,0.00415,8.29,20,0.482,0.5,0.464,0.831
586,0,0,850,850,1460000,2000,0,587,214,770,683,50,101000,131,155,558,0.0775,155,2.6e-05,0.0519,18,0.423,0.438,0.409,0.769
576,0,0,850,850,1410000,2000,0,588,229,824,672,49,99700,135,162,583,0.081,162,0.00154,3.08,20,0.464,0.482,0.447,0.808
584,0,0,850,850,1420000,2000,0,589,215,774,677,48,96800,131,157,565,0.0785,157,0.000454,0.908,18,0.452,0.472,0.432,0.81
586,0,0,850,850,1420000,2000,0,590,215,774,683,50,100000,131,151,544,0.0755,151,-0.000844,-1.69,18,0.431,0.448,0.414,0.78
581,0,0,850,850,1460000,2000,0,591,219,788,678,50,101000,132,155,558,0.0775,155,2.34e-05,0.0468,20,0.433,0.449,0.418,0.785
582,0,0,850,850,1550000,2000,0,592,212,763,677,49,98600,128,156,562,0.078,156,0.00024,0.48,18,0.436,0.456,0.418,0.781
577,0,0,850,850,1420000,2000,0,593,221,796,671,48,97800,132,158,569,0.079,158,0.00067,1.34,17,0.445,0.462,0.43,0.805
583,0,0,850,850,1530000,2000,0,594,210,756,682,51,102000,127,149,536,0.0745,149,-0.00128,-2.55,23,0.418,0.432,0.404,0.768
584,0,0,850,850,1500000,2000,0,595,208,749,683,51,102000,124,142,511,0.071,142,-0.00279,-5.58,19,0.406,0.422,0.392,0.761
578,0,0,850,850,1490000,2000,0,596,227,817,674,49,99200,136,168,605,0.084,168,0.00284,5.69,18,0.472,0.489,0.456,0.807
571,0,0,850,850,1390000,2000,0,597,236,850,669,50,101000,140,166,598,0.083,166,0.0024,4.81,20,0.461,0.478,0.445,0.805
583,0,0,850,850,1490000,2000,0,598,215,774,680,50,100000,129,153,551,0.0765,153,-0.000413,-0.825,18,0.415,0.43,0.401,0.763
574,0,0,850,850,1480000,2000,0,599,220,792,666,47,95700,127,154,554,0.077,154,-0.000197,-0.395,17,0.452,0.472,0.433,0.829
589,0,0,850,850,1440000,2000,0,600,203,731,683,48,96600,124,142,511,0.071,142,-0.00279,-5.59,20,0.418,0.434,0.403,0.771
573,0,0,850,850,1360000,2000,0,601,231,832,669,49,99200,137,159,572,0.0795,159,0.000889,1.78,18,0.459,0.478,0.441,0.813
583,0,0,850,850,1450000,2000,0,602,211,760,679,49,99100,126,146,526,0.073,146,-0.00193,-3.85,20,0.432,0.449,0.416,0.784
585,0,0,850,850,1470000,2000,0,603,213,767,682,49,99800,130,154,554,0.077,154,-0.000189,-0.378,18,0.444,0.463,0.425,0.791
588,0,0,850,850,1490000,2000,0,604,199,716,681,48,96800,120,141,508,0.0705,141,-0.00301,-6.01,18,0.418,0.435,0.403,0.771
575,0,0,850,850,1410000,2000,0,605,225,810,674,50,102000,134,154,554,0.077,154,-0.000185,-0.37,20,0.434,0.451,0.417,0.768
578,0,0,850,850,1500000,2000,0,606,217,781,675,49,99700,132,160,576,0.08,160,0.00111,2.23,18,0.459,0.477,0.441,0.803
578,0,0,850,850,1360000,2000,0,607,230,828,674,49,99600,135,158,569,0.079,158,0.00068,1.36,19,0.448,0.467,0.431,0.785
583,0,0,850,850,1480000,2000,0,608,224,806,676,48,96100,136,171,616,0.0855,171,0.00349,6.99,19,0.47,0.49,0.452,0.823
578,0,0,850,850,1520000,2000,0,609,220,792,671,48,96500,133,166,598,0.083,166,0.0024,4.81,18,0.455,0.475,0.437,0.815
575,0,0,850,850,1440000,2000,0,610,228,821,671,49,99100,137,167,601,0.0835,167,0.00262,5.23,20,0.472,0.489,0.457,0.814
580,0,0,850,850,1470000,2000,0,611,214,770,677,50,100000,128,150,540,0.075,150,-0.00107,-2.13,18,0.426,0.443,0.41,0.792
572,0,0,850,850,1420000,2000,0,612,231,832,670,50,102000,138,162,583,0.081,162,0.00153,3.06,18,0.452,0.469,0.435,0.802
581,0,0,850,850,1500000,2000,0,613,217,781,674,47,95300,129,160,576,0.08,160,0.0011,2.2,20,0.459,0.477,0.442,0.81
575,0,0,850,850,1550000,2000,0,614,223,803,675,51,103000,137,167,601,0.0835,167,0.00261,5.22,18,0.447,0.464,0.431,0.801
586,0,0,850,850,1500000,2000,0,615,211,760,678,47,95400,126,153,551,0.0765,153,-0.000423,-0.847,17,0.434,0.451,0.418,0.798
576,0,0,850,850,1500000,2000,0,616,224,806,670,48,96800,134,164,590,0.082,164,0.00196,3.92,20,0.47,0.488,0.453,0.832
568,0,0,850,850,1500000,2000,0,617,235,846,664,49,98300,138,177,637,0.0885,177,0.00477,9.54,18,0.488,0.508,0.47,0.849
579,0,0,850,850,1390000,2000,0,618,233,839,676,50,100000,139,164,590,0.082,164,0.00195,3.9,19,0.459,0.477,0.441,0.802
583,0,0,850,850,1520000,2000,0,619,213,767,680,49,99400,131,159,572,0.0795,159,0.000862,1.72,18,0.445,0.463,0.427,0.798
580,0,0,850,850,1540000,2000,0,620,222,799,675,49,98200,133,169,608,0.0845,169,0.00303,6.05,18,0.465,0.485,0.447,0.819
584,0,0,850,850,1430000,2000,0,621,219,788,680,49,99000,132,158,569,0.079,158,0.000639,1.28,20,0.456,0.475,0.439,0.799
587,0,0,850,850,1470000,2000,0,622,198,713,682,49,98200,120,136,490,0.068,136,-0.00413,-8.25,18,0.401,0.42,0.384,0.764
570,0,0,850,850,1400000,2000,0,623,232,835,671,51,104000,138,162,583,0.081,162,0.00151,3.02,19,0.439,0.454,0.425,0.78
581,0,0,850,850,1430000,2000,0,624,215,774,678,50,100000,128,150,540,0.075,150,-0.00109,-2.18,19,0.428,0.444,0.412,0.77
585,0,0,850,850,1540000,2000,0,625,208,749,679,48,97600,126,157,565,0.0785,157,0.000427,0.853,18,0.445,0.465,0.427,0.802
582,0,0,850,850,1440000,2000,0,626,216,778,683,52,104000,130,149,536,0.0745,149,-0.00131,-2.61,19,0.418,0.436,0.402,0.743
578,0,0,850,850,1430000,2000,0,627,228,821,677,50,102000,136,164,590,0.082,164,0.00194,3.89,20,0.449,0.464,0.435,0.806
593,0,0,850,850,1430000,2000,0,628,202,727,689,50,100000,125,139,500,0.0695,139,-0.00347,-6.94,18,0.413,0.429,0.398,0.762
578,0,0,850,850,1450000,2000,0,629,231,832,674,49,99800,136,166,598,0.083,166,0.00238,4.76,20,0.457,0.475,0.44,0.807
587,0,0,850,850,1480000,2000,0,630,211,760,684,50,100000,127,151,544,0.0755,151,-0.000871,-1.74,18,0.432,0.447,0.418,0.78
578,0,0,850,850,1540000,2000,0,631,215,774,679,52,104000,129,151,544,0.0755,151,-0.000869,-1.74,18,0.404,0.42,0.388,0.762
575,0,0,850,850,1430000,2000,0,632,225,810,675,51,103000,135,161,580,0.0805,161,0.00129,2.59,21,0.443,0.459,0.428,0.767
572,0,0,850,850,1450000,2000,0,633,233,839,671,51,102000,137,163,587,0.0815,163,0.00173,3.45,18,0.463,0.479,0.449,0.787
573,0,0,850,850,1440000,2000,0,634,235,846,674,52,104000,140,166,598,0.083,166,0.00238,4.75,19,0.447,0.462,0.432,0.788
579,0,0,850,850,1530000,2000,0,635,216,778,679,51,103000,128,154,554,0.077,154,-0.000228,-0.455,21,0.419,0.432,0.406,0.773
581,0,0,850,850,1450000,2000,0,636,217,781,674,47,95900,126,153,551,0.0765,153,-0.000444,-0.888,17,0.449,0.467,0.433,0.798
579,0,0,850,850,1530000,2000,0,637,224,806,679,51,104000,137,168,605,0.084,168,0.0028,5.61,19,0.448,0.466,0.432,0.781
581,0,0,850,850,1500000,2000,0,638,220,792,673,47,94900,130,161,580,0.0805,161,0.00128,2.57,20,0.466,0.48,0.452,0.838
571,0,0,850,850,1410000,2000,0,639,232,835,671,51,104000,138,162,583,0.081,162,0.0015,2.99,19,0.449,0.464,0.434,0.786
