step,klcoef,lr,rollout_time,horizon,speed,speed_rl,speed_rl_std,speed_human,inflow,outflow,inflow_hourly,outflow_hourly,collisions,collisions_human,fuel,backlog_step,n_total_veh_step,flow_horizontal,flow_vertical,global_reward_mean,reward_mean,value_mean,ret_mean,adv_mean,explained_variance,rollout_end_time,policy_loss,kl,entropy,value_loss,gd_time,total_time
0,0.2,0.001,16.218,2000,0.471052,0.439436,0.784825,0.506316,159.312,107.562,573.525,387.225,13,5.1875,1.47627e+06,293.519,347.7,700,700,0.0212813,0.000144169,-0.00230522,0.00105619,0.00336148,-0.000272915,0.043942,-0.0035173,4.04432e-12,1.09861,3.09849,0.497217,261.469
1,0.1,0.001,16.1436,2000,0.508297,0.47394,0.817747,0.547106,166.688,118.438,600.075,426.375,9.5,4.0625,1.48943e+06,291.371,345.595,700,700,0.0354687,0.0018776,-0.00116379,0.161502,0.162666,0.00446159,0.0493904,-0.16831,-4.46932e-11,1.09851,2.7032,0.338243,521.728
2,0.05,0.001,16.9489,2000,0.541293,0.504242,0.858944,0.583052,174.5,122,628.2,439.2,12.25,4.625,1.44338e+06,287.443,340.696,700,700,0.030375,0.000344915,0.00484818,0.0278072,0.0229578,0.00747336,0.0254618,-0.028924,2.1207e-10,1.09821,3.3643,0.489326,794.662
3,0.025,0.001,17.021,2000,0.434209,0.410159,0.812617,0.460859,143.5,97.3125,516.6,350.325,8.125,3.3125,1.48125e+06,296.412,348.572,700,700,0.0283438,0.000295161,0.00668699,-0.00923724,-0.0159274,0.013524,0.0566454,0.0104865,9.49907e-10,1.09775,2.48655,0.349859,1069.12
4,0.0125,0.001,17.5073,2000,0.558704,0.523316,0.912026,0.598577,174.875,128.562,629.55,462.825,9.75,3.9375,1.47271e+06,284.244,336.469,700,700,0.0399062,0.00205752,0.0108451,0.154036,0.143187,0.0195878,0.030326,-0.147483,9.88908e-12,1.09681,3.031,0.481012,1351.08
5,0.00625,0.001,16.6468,2000,0.533654,0.498329,0.909753,0.573175,167.438,120.375,602.775,433.35,10.125,3.625,1.47244e+06,285.323,336.925,700,700,0.034875,0.000542304,0.0117447,0.0445743,0.0328245,0.0194934,0.0413434,-0.0405001,1.03716e-09,1.09561,3.05311,0.398146,1619.39
6,0.003125,0.001,17.5538,2000,0.678335,0.631039,1.03082,0.731332,200.25,151,720.9,543.6,13,4.4375,1.45554e+06,272.679,323.436,700,700,0.043,0.00190594,0.0207848,0.141379,0.12059,0.0235883,0.0432244,-0.122084,2.95498e-09,1.09348,3.60102,0.423265,1890.13
7,0.0015625,0.001,16.7053,2000,0.679673,0.637861,1.07082,0.726602,198,151.875,712.8,546.75,10.875,4.625,1.45859e+06,270.53,320.94,700,700,0.04875,0.0030978,0.0244711,0.252595,0.22812,0.029792,0.0368991,-0.228555,2.61897e-10,1.09106,2.81939,0.262838,2159.14
8,0.00078125,0.001,16.5492,2000,0.789145,0.738352,1.18079,0.846592,218.062,173.375,785.025,624.15,11.25,4.4375,1.46865e+06,264.851,313.731,700,700,0.0585625,0.00460227,0.0361511,0.36204,0.325884,0.0370403,0.0466443,-0.325258,3.09136e-09,1.08719,3.2029,0.406496,2425.95
9,0.000390625,0.001,16.2358,2000,0.803743,0.751814,1.22833,0.862312,217.25,172.875,782.1,622.35,11.625,4.375,1.44037e+06,262.576,310.685,700,700,0.057375,0.0039784,0.0399057,0.302554,0.262642,0.0462888,0.0561173,-0.256484,6.20574e-10,1.08369,3.3487,0.356399,2687.85
10,0.000195313,0.001,15.8019,2000,1.08699,1.01525,1.48531,1.16767,272.875,228.938,982.35,824.175,13,4.3125,1.4234e+06,241.257,287.183,700,700,0.0819688,0.00820493,0.064288,0.641054,0.57676,0.0383927,0.0497071,-0.577842,3.93639e-09,1.07759,4.03367,0.276045,2942.59
11,9.76563e-05,0.001,15.2055,2000,1.15799,1.08513,1.59178,1.23977,281.312,238.312,1012.73,857.925,15.25,5.75,1.49617e+06,235.125,279.879,700,700,0.0810312,0.00765302,0.0792744,0.603862,0.524579,0.0407296,0.0599586,-0.523324,3.86957e-10,1.07187,4.15443,0.554603,3188.23
12,4.88281e-05,0.001,14.9971,2000,1.19273,1.11635,1.62681,1.27862,281.625,241.75,1013.85,870.3,12.25,4.1875,1.45983e+06,231.898,276.403,700,700,0.09025,0.00885151,0.0955263,0.652638,0.557103,-0.0146963,0.0385572,-0.533819,1.54452e-09,1.06528,3.65544,0.33343,3441.69
13,2.44141e-05,0.001,16.0203,2000,1.46878,1.37992,1.92027,1.56815,331.125,291.812,1192.05,1050.53,15.125,5.8125,1.51339e+06,212.643,255.129,700,700,0.108094,0.011613,0.126284,0.897234,0.770949,0.0397878,0.0403583,-0.771954,5.31251e-10,1.05617,3.95361,0.314727,3699.88
14,1.2207e-05,0.001,15.948,2000,1.50731,1.42383,2.01394,1.6004,333.562,295.25,1200.83,1062.9,12.625,5.5,1.4426e+06,210.253,252.444,700,700,0.116063,0.0126635,0.148238,0.931688,0.783445,0.0517431,0.0420265,-0.764685,1.63915e-10,1.048,3.31801,0.343927,3957.01
15,6.10352e-06,0.001,15.9974,2000,1.58252,1.49505,2.14258,1.6797,347.75,308.25,1251.9,1109.7,14.5,5.8125,1.5069e+06,198.902,240.794,700,700,0.117875,0.0117024,0.177441,0.844512,0.667065,0.0577851,0.0409276,-0.650927,-7.42715e-10,1.03743,3.42218,0.32957,4214.86
16,3.05176e-06,0.001,15.8247,2000,1.84784,1.75503,2.37295,1.95037,392.875,357.562,1414.35,1287.23,11.75,5.3125,1.48444e+06,180.764,221.561,700,700,0.149406,0.0165781,0.22424,1.18351,0.959264,0.0538432,0.0378077,-0.957847,-3.94753e-10,1.0221,2.95744,0.289519,4469.78
17,1.52588e-06,0.001,15.9927,2000,1.8363,1.74881,2.35989,1.93237,389.188,349.438,1401.07,1257.97,15.75,7.5625,1.518e+06,182.81,224.001,700,700,0.135344,0.0132608,0.258909,0.931704,0.672788,0.0272074,0.0390664,-0.64256,1.72956e-12,1.01169,3.0264,0.310097,4727.41
18,7.62939e-07,0.001,15.4762,2000,2.10414,2.0064,2.6197,2.2113,436.75,399.25,1572.3,1437.3,15.125,7,1.49987e+06,160.933,200.887,700,700,0.161812,0.0167757,0.312569,1.16344,0.850852,0.0364692,0.0379883,-0.848706,-1.17256e-10,0.994673,2.9527,0.224945,4976.61
19,3.8147e-07,0.001,15.2993,2000,2.10471,2.01293,2.66561,2.20449,445.75,405.562,1604.7,1460.03,17.75,7.8125,1.47796e+06,155.861,196.55,700,700,0.158406,0.0144469,0.355141,1.01644,0.661291,0.03479,0.0387132,-0.662003,-7.25235e-11,0.983448,2.87822,0.296228,5223.11
20,1.90735e-07,0.001,15.4688,2000,2.21939,2.13142,2.76654,2.31468,464.812,424.5,1673.33,1528.2,19.625,9.8125,1.5422e+06,146.458,186.831,700,700,0.163187,0.0148063,0.413209,1.0279,0.614689,0.03211,0.0388201,-0.614321,4.22397e-10,0.966751,2.72916,0.310835,5472.34
21,9.53674e-08,0.001,15.9607,2000,2.11268,2.03347,2.74678,2.198,457.812,414.875,1648.12,1493.55,18.125,8.5,1.50007e+06,146.338,188.086,700,700,0.162125,0.0130825,0.458172,0.880788,0.422598,0.0367008,0.0392123,-0.412449,-1.35052e-10,0.954315,2.51455,0.299513,5729.46
22,4.76837e-08,0.001,15.9823,2000,2.35217,2.26223,2.89701,2.44861,497.688,454.688,1791.67,1636.88,20.9375,8.6875,1.51653e+06,130.433,171.212,700,700,0.175,0.0142864,0.528201,0.969048,0.440839,0.0295512,0.0420683,-0.439704,-6.73017e-11,0.934758,2.80778,0.312714,5986.99
23,2.38419e-08,0.001,16.2332,2000,2.26086,2.18317,2.86225,2.34373,488.188,444.625,1757.47,1600.65,20,8.875,1.48077e+06,129.88,171.737,700,700,0.172312,0.0130141,0.581319,0.8646,0.283252,0.0277158,0.0405499,-0.267534,-7.05664e-10,0.923502,2.54298,0.31463,6248.53
24,1.19209e-08,0.001,15.7145,2000,2.23879,2.17054,2.87913,2.31139,492.625,446.375,1773.45,1606.95,21.1875,10.8125,1.49682e+06,126.619,169.16,700,700,0.170219,0.012051,0.640443,0.823024,0.18256,0.030022,0.038153,-0.167488,2.55554e-10,0.905766,2.22771,0.235629,6501.59
25,5.96046e-09,0.001,16.0124,2000,2.13566,2.07621,2.8221,2.19839,477.688,433,1719.67,1558.8,19.0625,9.3125,1.47686e+06,132.161,175.783,700,700,0.168844,0.01095,0.700107,0.739959,0.0398224,0.0279915,0.0399496,-0.0109584,4.22091e-10,0.890505,2.19444,0.319316,6759.59
26,2.98023e-09,0.001,15.9452,2000,2.35468,2.28432,2.98746,2.42887,520,471.625,1872,1697.85,22.8125,10.125,1.45245e+06,112.964,155.522,700,700,0.178781,0.0117494,0.766895,0.798828,0.0319109,0.0246451,0.0388577,-0.0228099,-2.40216e-10,0.868436,2.50107,0.315094,7016.49
27,1.49012e-09,0.001,16.2026,2000,2.2578,2.20018,2.91006,2.3183,508.062,461.5,1829.03,1661.4,21.8125,10.75,1.48961e+06,122.465,166.168,700,700,0.176219,0.0108193,0.820273,0.73949,-0.0807944,0.0155429,0.0410611,0.101823,-6.44535e-11,0.853842,2.25791,0.295454,7277.5
28,7.45058e-10,0.001,16.3713,2000,2.32361,2.26428,2.95664,2.38586,518.062,470.75,1865.03,1694.7,22.5,10.875,1.48401e+06,118.39,161.773,700,700,0.179125,0.0108941,0.86667,0.742037,-0.124644,0.0137694,0.0407786,0.147031,-3.55059e-10,0.839926,2.28565,0.327675,7541.26
29,3.72529e-10,0.001,16.6929,2000,2.15842,2.11119,2.87977,2.20777,491,439.5,1767.6,1582.2,24,12.0625,1.47481e+06,122.093,166.35,700,700,0.15975,0.00788733,0.906128,0.516445,-0.389685,0.0258462,0.0398986,0.422469,-2.24079e-10,0.830115,2.66849,0.324334,7810.14
30,1.86265e-10,0.001,16.5534,2000,2.44438,2.38907,3.1004,2.50227,549.938,495.75,1979.78,1784.7,28.1875,14.375,1.447e+06,99.3149,142.437,700,700,0.177406,0.00997078,0.933338,0.688761,-0.244589,0.0256364,0.0426195,0.246828,-4.058e-10,0.814263,2.50451,0.308218,8076.85
31,9.31323e-11,0.001,15.8895,2000,2.30792,2.2538,2.9995,2.36434,520.312,469.875,1873.12,1691.55,25.0625,11.625,1.48186e+06,107.088,150.917,700,700,0.172281,0.00865025,0.941953,0.576927,-0.365034,0.0221169,0.042909,0.389655,-3.24376e-10,0.809423,2.7012,0.362996,8332.97
32,4.65661e-11,0.001,16.3418,2000,2.49287,2.43416,3.12184,2.55407,561.812,511.75,2022.52,1842.3,26.0625,12,1.47967e+06,98.0653,141.477,700,700,0.190719,0.0105314,0.946538,0.761312,-0.185239,0.0215147,0.0423469,0.186003,3.09843e-10,0.795315,2.31614,0.327824,8596.26
33,2.32831e-11,0.001,16.5242,2000,2.40002,2.3514,3.0803,2.45074,546.812,496.688,1968.53,1788.07,25.75,12.75,1.46527e+06,101.008,144.991,700,700,0.183969,0.0094215,0.929377,0.672083,-0.257285,0.0297585,0.0406817,0.263053,-1.42946e-11,0.789293,2.28776,0.333519,8862.51
34,1.16415e-11,0.001,16.4826,2000,2.37025,2.32485,3.00626,2.41746,541.125,485.75,1948.05,1748.7,28.875,15.3125,1.44631e+06,106.109,150.254,700,700,0.170687,0.00780221,0.919937,0.56419,-0.355746,0.01814,0.0418405,0.380323,-2.40101e-10,0.776939,2.58964,0.318247,9128.08
35,5.82077e-12,0.001,16.9216,2000,2.10509,2.06639,2.82388,2.1455,486.062,434.438,1749.83,1563.97,23.125,12.5,1.45145e+06,126.414,171.594,700,700,0.159406,0.00607582,0.884167,0.397996,-0.486167,0.00151687,0.0542881,0.533662,-6.33918e-10,0.767296,2.54926,0.406405,9401
36,2.91038e-12,0.001,15.9661,2000,2.41828,2.37173,3.11407,2.46657,551.875,498.75,1986.75,1795.5,25.6875,12.75,1.42506e+06,93.5984,137.612,700,700,0.185156,0.00894769,0.856378,0.621109,-0.235269,0.0213249,0.0421079,0.250784,-9.83871e-10,0.751941,2.32583,0.316384,9658.31
37,1.45519e-12,0.001,16.3289,2000,2.58898,2.54024,3.2055,2.63946,585.5,534.312,2107.8,1923.53,26.875,13.25,1.46799e+06,85.2228,128.809,700,700,0.199969,0.0105014,0.813231,0.741393,-0.0718629,0.0286619,0.0458079,0.0706287,1.26406e-11,0.743986,2.15715,0.35582,9921.51
38,7.27596e-13,0.001,16.4717,2000,2.49545,2.4456,3.16225,2.54706,571.625,517.562,2057.85,1863.22,27.625,12.6875,1.4282e+06,89.6965,133.734,700,700,0.189719,0.00859517,0.77181,0.635683,-0.136122,0.0303818,0.0411417,0.13949,5.50074e-10,0.735603,2.32015,0.324229,10186.9
39,3.63798e-13,0.001,16.228,2000,2.46438,2.41565,3.14481,2.51478,562.188,509.5,2023.87,1834.2,27.375,12.5,1.47196e+06,91.1107,135.122,700,700,0.186313,0.00807395,0.733089,0.569488,-0.163614,0.0306722,0.055411,0.175138,-2.06714e-10,0.729935,2.44085,0.273901,10448.6
40,1.81899e-13,0.001,15.8824,2000,2.5963,2.55004,3.22388,2.64416,588.062,533.062,2117.03,1919.03,28.5625,14.0625,1.42654e+06,83.5873,127.089,700,700,0.195125,0.00929377,0.697819,0.67812,-0.0196879,0.0371081,0.0421296,0.0202316,4.39499e-10,0.722448,2.23063,0.287894,10704.5
41,9.09495e-14,0.001,16.5238,2000,2.31125,2.27024,3.03848,2.35376,532.188,480.375,1915.88,1729.35,25.25,12.6875,1.46146e+06,100.243,145.006,700,700,0.177063,0.00662998,0.63434,0.436193,-0.198151,0.042786,0.0427101,0.226336,-1.89916e-09,0.730098,2.3308,0.327801,10970.8
42,4.54747e-14,0.001,16.3854,2000,2.5807,2.53499,3.20596,2.62787,590,533.062,2124,1919.03,31,14.9375,1.44513e+06,82.2149,126.061,700,700,0.189031,0.00789155,0.618514,0.608987,-0.00952015,0.0351742,0.0437397,0.0110077,8.99392e-11,0.709629,2.36924,0.341938,11234.9
43,2.27374e-14,0.001,16.5964,2000,2.51883,2.47375,3.19362,2.56538,576,521.938,2073.6,1878.97,26.8125,12.5625,1.42295e+06,84.5364,128.55,700,700,0.193937,0.00823864,0.584557,0.586798,0.00222542,0.041309,0.0429788,0.00487391,-1.92784e-10,0.700202,2.22494,0.325477,11502.3
44,1.13687e-14,0.001,16.4866,2000,2.59265,2.55102,3.22528,2.63568,592,533.75,2131.2,1921.5,32.4375,16.625,1.4496e+06,81.0533,124.843,700,700,0.185781,0.00734228,0.550706,0.550251,-0.000484313,0.0479389,0.0449614,0.000220574,-9.78183e-10,0.689166,2.3633,0.357186,11768.1
45,5.68434e-15,0.001,16.237,2000,2.60388,2.55741,3.23452,2.65169,594.688,538.125,2140.88,1937.25,30,13.3125,1.43267e+06,79.9668,123.926,700,700,0.194062,0.00765936,0.518289,0.572907,0.0546385,0.0413228,0.0398005,-0.0528577,1.09771e-09,0.671239,2.37659,0.34579,12029.7
46,2.84217e-15,0.001,16.3602,2000,2.51445,2.47292,3.19662,2.55724,576.188,520.188,2074.28,1872.68,28,13.25,1.40859e+06,81.3222,125.527,700,700,0.190094,0.00724251,0.483459,0.500672,0.0171843,0.0483392,0.0433424,-0.00295137,6.14044e-10,0.659992,2.27923,0.332252,12293.4
47,1.42109e-15,0.001,16.5438,2000,2.58185,2.54024,3.24394,2.62469,594.25,535.25,2139.3,1926.9,30.3125,14.4375,1.39028e+06,76.9847,121.062,700,700,0.191844,0.0072267,0.46476,0.529459,0.0646834,0.0497842,0.0469323,-0.0622367,3.35051e-11,0.636573,2.31691,0.337506,12560.1
48,7.10543e-16,0.001,16.7969,2000,2.56618,2.52937,3.22463,2.60392,597.5,541.625,2151,1949.85,31.875,15.25,1.46624e+06,78.0775,122.865,700,700,0.191125,0.00665101,0.440295,0.523721,0.0834031,0.0518262,0.0433802,-0.0815032,-6.09931e-11,0.622629,2.31903,0.336927,12830.8
49,3.55271e-16,0.001,16.7953,2000,2.5893,2.55147,3.23471,2.6281,602.312,543.562,2168.32,1956.83,32.25,15.25,1.39553e+06,75.2356,119.843,700,700,0.191156,0.00656318,0.420302,0.520486,0.100154,0.0483563,0.042992,-0.098973,-9.97919e-11,0.608515,2.34162,0.334178,13101.4
50,1.77636e-16,0.001,17.4092,2000,2.35617,2.32654,3.11837,2.38657,557.688,499.25,2007.67,1797.3,31.9375,15.875,1.43213e+06,89.5357,134.982,700,700,0.169781,0.00387935,0.393578,0.31236,-0.0812327,0.0516384,0.0470572,0.0917569,-1.78093e-10,0.595306,2.48598,0.343567,13382
51,8.88178e-17,0.001,16.3468,2000,2.47319,2.44238,3.18374,2.50472,579.188,524.312,2085.07,1887.53,28.875,14.0625,1.44276e+06,82.3965,127.606,700,700,0.189969,0.00609348,0.374656,0.46751,0.0928404,0.0575025,0.0424086,-0.0868313,7.5076e-11,0.578082,2.16978,0.352745,13645.5
52,4.44089e-17,0.001,16.9572,2000,2.55328,2.52263,3.23844,2.58471,595.5,538.812,2143.8,1939.72,28.3125,14.875,1.39016e+06,72.5355,117.39,700,700,0.198625,0.00735896,0.374379,0.549408,0.175028,0.061236,0.0445083,-0.170463,2.03928e-10,0.548868,2.02042,0.337268,13918.8
53,2.22045e-17,0.001,16.8686,2000,2.6278,2.59571,3.27345,2.66054,612.812,551.312,2206.12,1984.72,34.625,16.9375,1.39183e+06,70.1817,114.863,700,700,0.189094,0.00593,0.36229,0.482457,0.120174,0.0540669,0.0446623,-0.119096,-1.61034e-09,0.529454,2.45404,0.342924,14190.7
54,1.11022e-17,0.001,17.6462,2000,2.40679,2.37362,3.17059,2.44067,567.375,511.688,2042.55,1842.07,29,13.3125,1.44768e+06,84.5071,129.911,700,700,0.183344,0.00472345,0.343441,0.344219,0.000767037,0.0589864,0.0433131,0.0115419,2.28566e-10,0.516046,2.37477,0.361948,14475
55,5.55112e-18,0.001,16.933,2000,2.70148,2.67008,3.31181,2.73358,624.375,567.25,2247.75,2042.1,30.4375,14.5625,1.39087e+06,65.2731,109.746,700,700,0.207531,0.00791872,0.35448,0.586262,0.231779,0.0582201,0.0520676,-0.231068,1.19994e-10,0.504634,2.18837,0.25737,14748
56,2.77556e-18,0.001,16.2009,2000,2.57825,2.55233,3.26751,2.60474,604.375,547.625,2175.75,1971.45,28.4375,14.75,1.3671e+06,73.0163,118.033,700,700,0.202719,0.00721469,0.345795,0.544294,0.198489,0.0680369,0.0530911,-0.197277,4.991e-11,0.503551,1.99026,0.417626,15009.3
57,1.38778e-18,0.001,15.8423,2000,2.41785,2.39382,3.15159,2.44234,566.875,511.125,2040.75,1840.05,27.4375,13.75,1.41264e+06,88.7181,134.075,700,700,0.186969,0.00521624,0.337134,0.376751,0.0396229,0.0634004,0.0534837,-0.0206018,-9.35059e-10,0.506744,2.15451,0.47071,15264.9
58,6.93889e-19,0.001,16.0648,2000,2.3137,2.2871,3.09936,2.34086,550.5,496.375,1981.8,1786.95,26.9375,13.125,1.43251e+06,91.4501,137.382,700,700,0.180844,0.00405574,0.351306,0.279384,-0.0719246,0.0635155,0.0541795,0.0922774,2.36425e-10,0.488815,2.27128,0.569637,15524.2
59,3.46945e-19,0.001,15.7574,2000,2.51403,2.49385,3.25584,2.53465,587.312,529.5,2114.32,1906.2,29.875,16.25,1.41572e+06,74.7362,119.669,700,700,0.190062,0.00574643,0.340294,0.448548,0.108232,0.075618,0.0501141,-0.102079,-2.26316e-10,0.509666,1.95248,0.2688,15778.2
60,1.73472e-19,0.001,15.473,2000,2.60346,2.57788,3.28474,2.62958,605.812,549.5,2180.92,1978.2,29.125,15.0625,1.4031e+06,72.7327,117.49,700,700,0.201937,0.00680345,0.349635,0.540013,0.190367,0.0675207,0.05035,-0.1895,9.40159e-11,0.503899,1.94108,0.524504,16027.9
61,8.67362e-20,0.001,15.617,2000,2.55509,2.527,3.25783,2.5838,600.188,538.688,2160.68,1939.28,33.125,16.8125,1.39137e+06,72.7208,117.637,700,700,0.186531,0.00478793,0.353467,0.400081,0.0466071,0.0693327,0.0515962,-0.0451413,-3.87227e-10,0.499209,2.16301,0.237488,16279.6
62,4.33681e-20,0.001,15.7018,2000,2.53822,2.50842,3.22812,2.56866,593,533.5,2134.8,1920.6,32.8125,16,1.42775e+06,74.7184,119.721,700,700,0.184719,0.00439119,0.35292,0.362902,0.00998038,0.0647461,0.0390871,-0.00198754,3.31144e-10,0.497475,2.28112,0.484283,16532.7
63,2.1684e-20,0.001,15.8378,2000,2.46158,2.43321,3.14353,2.49058,578.75,520.875,2083.5,1875.15,31.0625,15.6875,1.42073e+06,87.6325,133.113,700,700,0.182781,0.00412136,0.354284,0.337944,-0.0163424,0.0573143,0.0563942,0.0358634,-1.88214e-09,0.491471,2.21599,0.450176,16788.3
64,1.0842e-20,0.001,15.965,2000,2.52295,2.49247,3.20437,2.55403,589.625,533.938,2122.65,1922.17,27.75,13.375,1.38735e+06,78.5288,123.725,700,700,0.197594,0.00571601,0.349836,0.43842,0.0885806,0.068286,0.0485698,-0.0724895,1.35554e-10,0.498413,2.02111,0.231596,17045.5
65,5.42e-21,0.001,14.7612,2000,2.5694,2.53892,3.27031,2.6005,601.312,542,2164.72,1951.2,32.3125,15.5,1.40143e+06,71.9627,116.8,700,700,0.190219,0.000601975,0.358395,0.208666,-0.149736,0.0933161,0.0412746,0.150388,1.30877e-10,0.488014,2.6573,1.06086,
66,2.71e-21,0.001,13.4068,2000,2.72358,2.69316,3.33636,2.75467,624.75,565.688,2249.1,2036.47,33.5,17.125,1.43539e+06,63.6545,107.817,700,700,0.199094,0.00101945,0.365298,0.218512,-0.146782,0.10108,0.0374309,0.147526,-3.38277e-10,0.479521,1.93576,0.402158,
67,1.355e-21,0.001,13.4365,2000,2.56685,2.54635,3.27254,2.58779,601.625,543.75,2165.85,1957.5,30.5,17,1.40084e+06,71.5148,116.541,700,700,0.195625,0.000132405,0.345313,0.163984,-0.181327,0.120345,0.0536057,0.183473,-2.88968e-10,0.468882,1.61667,0.411686,
68,6.775e-22,0.001,13.8376,2000,2.68137,2.65298,3.31648,2.71034,624,566.938,2246.4,2040.97,30.3125,15.1875,1.42083e+06,65.6256,110.418,700,700,0.207687,0.0011305,0.338078,0.24556,-0.0925088,0.112186,0.0389036,0.0932255,-2.45827e-10,0.450622,1.72002,0.154448,
69,3.3875e-22,0.001,14.5623,2000,2.49761,2.47137,3.21665,2.52439,590.188,532.562,2124.68,1917.22,32.125,16.125,1.44666e+06,78.6378,124.18,700,700,0.185969,-0.00138894,0.30925,0.0583415,-0.250938,0.107414,0.0590583,0.259694,2.55346e-10,0.43352,2.01612,0.49596,
70,1.69375e-22,0.001,14.968,2000,2.55136,2.52755,3.26461,2.57557,601.312,541.938,2164.72,1950.97,31.9375,15.8125,1.40017e+06,71.8199,117.076,700,700,0.191125,-0.000556686,0.295738,0.125536,-0.170214,0.104405,0.0510136,0.174217,-5.39563e-11,0.411973,1.94918,0.340223,
71,8.46875e-23,0.001,15.4076,2000,2.63144,2.60842,3.30322,2.65489,617.188,557.75,2221.88,2007.9,31.625,16.25,1.35997e+06,65.7054,110.73,700,700,0.199813,0.00052195,0.268981,0.20537,-0.0636098,0.110263,0.0498704,0.066448,3.28849e-10,0.398376,1.83574,0.421987,
72,4.23437e-23,0.001,15.4278,2000,2.47749,2.45759,3.21332,2.4978,584.312,523.75,2103.52,1885.5,32.0625,16.375,1.39129e+06,77.3264,122.734,700,700,0.181719,-0.00136718,0.234305,0.0325633,-0.201751,0.113167,0.0462583,0.213283,1.13993e-09,0.377408,2.1045,0.188594,
73,2.11719e-23,0.001,14.5288,2000,2.48408,2.46276,3.16667,2.50579,587.812,528.75,2116.12,1903.5,31.625,15.625,1.41771e+06,82.7469,128.504,700,700,0.185312,-0.000957956,0.194526,0.0621935,-0.132344,0.0928145,0.0555333,0.145525,-1.24999e-10,0.369399,1.96894,0.491719,
74,1.05859e-23,0.001,15.3105,2000,2.36105,2.34073,3.04983,2.3817,561.438,505,2021.17,1818,26.75,13.4375,1.3853e+06,89.9555,136.203,700,700,0.185625,-0.000866029,0.165166,0.0239408,-0.141218,0.0379888,0.0488199,0.173583,-1.11253e-11,0.336894,1.95022,0.477203,
75,5.29297e-24,0.001,15.7349,2000,2.55493,2.52798,3.22687,2.58236,599.75,537.188,2159.1,1933.88,34.5625,16.125,1.37313e+06,72.5374,117.729,700,700,0.182188,-0.00109677,0.141471,0.057962,-0.0834998,0.0876054,0.0505267,0.103565,1.78775e-11,0.331834,2.14737,0.449643,
76,2.64648e-24,0.001,15.0855,2000,2.69014,2.66142,3.33061,2.71931,625.688,569.688,2252.47,2050.88,27.6875,12.625,1.36975e+06,63.5762,108.443,700,700,0.215625,0.0023765,0.116867,0.289592,0.172745,0.113004,0.0539861,-0.17191,2.20882e-10,0.314994,1.71779,0.454192,
77,1.32324e-24,0.001,14.9146,2000,2.63233,2.60702,3.31462,2.65804,618.5,556.125,2226.6,2002.05,34.5625,16.4375,1.35874e+06,64.3204,109.322,700,700,0.191656,-0.000199093,0.0847533,0.133866,0.0490917,0.109242,0.0588011,-0.0476896,1.92461e-10,0.302286,2.00911,0.403723,
78,6.61621e-25,0.001,15.3348,2000,2.4732,2.45279,3.2563,2.49395,588.312,528.188,2117.93,1901.47,30.75,15.375,1.32714e+06,72.4238,117.93,700,700,0.187219,-0.000621343,0.0459756,0.0557458,0.00974628,0.131964,0.0536223,-0.00510943,-1.62874e-10,0.290597,1.83439,0.499564,
79,3.30811e-25,0.001,15.6607,2000,2.60582,2.58192,3.29314,2.63004,613.5,551.688,2208.6,1986.08,33.0625,15.3125,1.3516e+06,64.6777,109.923,700,700,0.193188,-0.000129136,0.0365184,0.126009,0.0894727,0.114787,0.0540552,-0.0845389,2.35956e-10,0.278743,1.9365,0.506058,
80,1.65405e-25,0.001,15.3715,2000,2.41298,2.3958,3.10362,2.43042,571.938,514.938,2058.97,1853.77,28.8125,14.25,1.39401e+06,87.6883,133.697,700,700,0.185437,-0.000748908,0.00469536,0.0500534,0.0453499,0.0615773,0.0509325,-0.0238334,-1.08399e-10,0.264555,1.82171,0.500372,
81,8.27026e-26,0.001,15.2841,2000,2.54727,2.52908,3.28565,2.56568,606.25,547.625,2182.5,1971.45,30.4375,15.125,1.38454e+06,70.7608,116.423,700,700,0.197719,0.000439487,-0.00126798,0.159437,0.160695,0.127773,0.055078,-0.159903,9.67284e-11,0.254464,1.72883,0.463804,
82,4.13513e-26,0.001,15.1796,2000,2.60649,2.58621,3.30998,2.62706,615.25,552.312,2214.9,1988.32,35.5625,16.75,1.35894e+06,63.9795,109.157,700,700,0.18725,-0.00061758,-0.00840715,0.112726,0.121107,0.109113,0.0530214,-0.119732,3.4884e-11,0.25132,2.00179,0.495667,
83,2.06757e-26,0.001,15.2557,2000,2.50048,2.48193,3.23501,2.51932,597.562,534.75,2151.22,1925.1,33.625,16.625,1.36291e+06,70.1204,115.957,700,700,0.183312,-0.000990924,-0.0171917,0.0400816,0.0572931,0.108428,0.0533067,-0.0487061,8.53973e-11,0.23182,1.99853,0.511965,
84,1.03378e-26,0.001,14.0332,2000,2.73537,2.71309,3.37592,2.75793,632.062,572.5,2275.43,2061,32.9375,15.8125,1.36764e+06,59.3718,103.905,700,700,0.203906,0.00155463,0.000448126,0.245158,0.244705,0.11201,0.0510285,-0.243501,-2.7145e-11,0.232087,1.7939,0.403524,
85,5.16891e-27,0.001,14.974,2000,2.39311,2.37888,3.10936,2.40756,565,505.938,2034,1821.38,30.5,16.25,1.40279e+06,91.1402,137.02,700,700,0.176719,-0.00126646,-0.0238438,-0.0156538,0.0081886,0.105575,0.045016,0.0247675,-1.53881e-10,0.21779,1.89343,0.475968,
86,2.58446e-27,0.001,15.4756,2000,2.68665,2.6683,3.35088,2.70525,627.938,569.375,2260.57,2049.75,32.6875,16.875,1.40846e+06,63.3397,108.371,700,700,0.202969,0.00145647,0.00100177,0.244352,0.243344,0.124556,0.0408245,-0.24204,-7.24065e-11,0.2218,1.68339,0.269808,
87,1.29223e-27,0.001,16.3531,2000,2.57948,2.56435,3.29867,2.59478,613.812,552.188,2209.73,1987.88,33.5625,16.875,1.36441e+06,67.5505,113.121,700,700,0.192187,-4.30157e-05,-0.00267438,0.159951,0.162632,0.124435,0.0435105,-0.162509,8.83124e-11,0.221155,1.75687,0.327372,
88,6.46114e-28,0.001,16.5152,2000,2.63128,2.6148,3.31417,2.648,620.75,558.375,2234.7,2010.15,34.875,18.5,1.3815e+06,64.2001,109.438,700,700,0.192,0.000240834,0.0151485,0.165828,0.150675,0.122647,0.0448657,-0.148595,1.50973e-10,0.221332,1.79605,0.327585,
89,3.23057e-28,0.001,16.5125,2000,2.62121,2.60487,3.31189,2.63776,621,556.25,2235.6,2002.5,37.375,19.1875,1.37706e+06,65.3561,110.686,700,700,0.184688,-0.000608653,0.0287318,0.128448,0.0997,0.122622,0.0426087,-0.0982519,3.89039e-11,0.223745,1.91797,0.326105,
90,1.61529e-28,0.001,16.5011,2000,2.52225,2.50251,3.25715,2.54228,598.125,535.25,2153.25,1926.9,34.9375,17.4375,1.3753e+06,69.181,114.713,700,700,0.180281,-0.00113976,0.0393782,0.032682,-0.00670722,0.11775,0.0433952,0.0181537,9.09181e-11,0.222833,2.0607,0.344595,
91,8.07643e-29,0.001,16.5001,2000,2.72528,2.70439,3.36434,2.74644,633,571.375,2278.8,2056.95,34.5,16.8125,1.36769e+06,58.9195,103.528,700,700,0.199437,0.00114441,0.069116,0.215624,0.146503,0.118744,0.0459035,-0.142764,-1.31939e-10,0.232553,1.88516,0.354479,
92,4.03821e-29,0.001,16.3373,2000,2.67088,2.65755,3.34392,2.68442,627.438,565.938,2258.77,2037.38,32.5,18.3125,1.34161e+06,61.8935,106.937,700,700,0.201719,0.00153616,0.0790042,0.257214,0.178197,0.139354,0.0584473,-0.179143,5.97371e-11,0.234245,1.5725,0.56737,
93,2.01911e-29,0.001,15.2531,2000,2.72385,2.70297,3.36066,2.74501,634.5,574.688,2284.2,2068.88,33,16.0625,1.38989e+06,59.4829,104.343,700,700,0.204844,0.00147426,0.102681,0.24864,0.145956,0.114382,0.0590369,-0.145271,-5.99502e-11,0.238449,1.79997,0.43118,
94,1.00955e-29,0.001,15.6907,2000,2.3593,2.33973,3.12131,2.37922,563,506.25,2026.8,1822.5,29.8125,14.625,1.39784e+06,89.6221,135.893,700,700,0.178594,-0.00163834,0.0925317,-0.0376815,-0.130208,0.125793,0.0416014,0.150914,-3.39024e-11,0.249822,1.95399,0.217788,
95,5.04777e-30,0.001,15.7202,2000,2.6041,2.5836,3.29084,2.62488,612.75,552,2205.9,1987.2,32.5,16,1.37707e+06,68.8244,114.069,700,700,0.19475,0.000361313,0.122463,0.143531,0.0210554,0.12003,0.0413524,-0.0133124,2.53064e-10,0.254482,1.85895,0.516531,
96,2.52388e-30,0.001,14.8891,2000,2.61765,2.59329,3.30994,2.64231,615.625,556.75,2216.25,2004.3,32.4375,14.8125,1.40492e+06,65.3575,110.591,700,700,0.197281,0.000343569,0.135067,0.159281,0.0242158,0.115723,0.0524629,-0.0201847,2.05923e-10,0.253639,1.88038,0.458246,
97,1.26194e-30,0.001,14.6215,2000,2.47281,2.45271,3.22985,2.49326,578.312,521.25,2081.93,1876.5,29.75,15.125,1.41777e+06,77.4149,122.684,700,700,0.18625,-0.000362473,0.139832,0.0577279,-0.0821068,0.129236,0.0473012,0.102121,4.37773e-10,0.251537,1.85719,0.377694,
98,6.30971e-31,0.001,15.6179,2000,2.55875,2.54211,3.18816,2.57563,597.125,535.312,2149.65,1927.12,32.9375,17.125,1.36187e+06,78.4334,123.669,700,700,0.185312,-0.000232158,0.146457,0.0940479,-0.052416,0.0409769,0.0430206,0.0778906,-1.45817e-10,0.257842,1.86405,0.369652,
99,3.15486e-31,0.001,13.8787,2000,2.57589,2.55524,3.2881,2.59683,612.5,551.25,2205,1984.5,33.875,16.625,1.34114e+06,67.4167,112.967,700,700,0.190937,-0.000275306,0.148195,0.129792,-0.0184068,0.121315,0.052972,0.0193846,-7.34072e-11,0.262049,1.84762,0.38026,
100,1.57743e-31,0.001,14.6254,2000,2.57056,2.54544,3.24657,2.59606,599.812,537.312,2159.32,1934.32,34.125,16.1875,1.36123e+06,71.3995,116.343,700,700,0.183344,-0.000735503,0.145878,0.0496313,-0.0962489,0.115729,0.051764,0.113651,1.98561e-10,0.260537,2.03352,0.403404,
101,7.88714e-32,0.001,13.6792,2000,2.66587,2.64219,3.31207,2.68992,630.062,570.438,2268.23,2053.57,32.5,15.75,1.38608e+06,65.4689,110.883,700,700,0.203969,0.00109654,0.1447,0.220136,0.0754304,0.124133,0.0528917,-0.0744582,-1.74099e-11,0.258685,1.72964,0.442832,
102,3.94357e-32,0.001,13.8534,2000,2.50064,2.47711,3.26069,2.52461,591.938,535.625,2130.98,1928.25,28.25,13.625,1.38843e+06,71.3325,116.96,700,700,0.197187,0.000350991,0.134345,0.127967,-0.00638073,0.132221,0.052029,0.0143662,-1.46645e-10,0.250542,1.69578,0.412214,
103,1.97178e-32,0.001,14.6883,2000,2.69438,2.67741,3.34008,2.71161,631.438,570.062,2273.17,2052.22,33.375,17.625,1.38887e+06,60.5174,105.533,700,700,0.201594,0.00131773,0.139342,0.243642,0.104293,0.132101,0.0574977,-0.103231,-2.88543e-11,0.259211,1.62052,0.438336,
104,9.85892e-33,0.001,15.7002,2000,2.71237,2.68608,3.35151,2.73906,632.5,571.375,2277,2056.95,35.0625,16.75,1.40185e+06,60.1278,104.906,700,700,0.198031,0.000629421,0.138297,0.195187,0.056885,0.121304,0.0421621,-0.058563,1.5037e-11,0.269861,1.87375,0.424697,
105,4.92946e-33,0.001,15.2829,2000,2.45743,2.43849,3.23309,2.47666,586.5,531.062,2111.4,1911.83,26.5625,13.4375,1.3569e+06,74.5308,120.495,700,700,0.199125,0.000548812,0.117123,0.143959,0.0268175,0.157127,0.0521042,-0.0171975,1.53423e-10,0.269293,1.5573,0.49225,
106,2.46473e-33,0.001,14.4975,2000,2.60316,2.58079,3.29554,2.62589,612.938,553,2206.57,1990.8,32.6875,16.1875,1.39411e+06,66.5903,111.851,700,700,0.194781,0.000227496,0.125862,0.162645,0.0367747,0.127782,0.0408266,-0.0343022,1.67734e-10,0.283639,1.74371,0.0935662,
107,1.23237e-33,0.001,13.8602,2000,2.66848,2.64402,3.32613,2.69329,626.75,564.188,2256.3,2031.07,34.6875,17,1.36436e+06,64.0198,108.993,700,700,0.195375,0.000355979,0.130891,0.190502,0.0596134,0.124019,0.0296557,-0.0592049,1.96757e-10,0.294205,1.79899,0.362593,
108,6.16183e-34,0.001,15.4752,2000,2.4876,2.46564,3.23154,2.50989,590,529.875,2124,1907.55,30.9375,15.0625,1.36761e+06,74.9342,120.582,700,700,0.187594,-0.000610126,0.113209,0.0720246,-0.0411976,0.141867,0.0529707,0.0517459,6.85276e-11,0.310413,1.83427,0.511882,
109,3.08091e-34,0.001,14.5395,2000,2.17554,2.15825,3.04512,2.19317,528.062,472.438,1901.03,1700.78,26.4375,12.875,1.39526e+06,97.6642,144.411,700,700,0.170125,-0.00263545,0.0882701,-0.14865,-0.236942,0.138457,0.0508084,0.257372,2.73625e-10,0.314239,1.96423,0.452998,
110,1.54046e-34,0.001,13.8552,2000,2.58027,2.55396,3.27352,2.60699,612.062,553.75,2203.43,1993.5,32.0625,15.25,1.4082e+06,70.368,115.959,700,700,0.196719,0.000215691,0.105392,0.173834,0.0684353,0.133852,0.0480113,-0.067422,1.25909e-10,0.323525,1.67087,0.531483,
111,7.70228e-35,0.001,14.5861,2000,2.50693,2.48646,3.24979,2.52777,595.25,538.188,2142.9,1937.47,28.8125,15.1875,1.38522e+06,75.0588,120.672,700,700,0.197063,0.000564097,0.089248,0.164189,0.0749189,0.15166,0.0628395,-0.0713385,1.68133e-11,0.335709,1.51592,0.423881,
112,3.85114e-35,0.001,14.9455,2000,2.44932,2.4207,3.2132,2.47868,577.375,520.625,2078.55,1874.25,27.3125,13.5625,1.38051e+06,78.5371,123.919,700,700,0.192031,1.58108e-05,0.0832631,0.0979925,0.0147063,0.142175,0.0460789,0.000349095,-9.53611e-11,0.35365,1.66259,0.487412,
113,1.92557e-35,0.001,14.3341,2000,2.7079,2.68084,3.33833,2.73552,627,569.875,2257.2,2051.55,31.625,16.3125,1.42819e+06,62.5847,107.194,700,700,0.205875,0.00177941,0.0946369,0.260404,0.165751,0.140318,0.0439407,-0.166449,2.64955e-11,0.36978,1.63877,0.45901,
114,9.62785e-36,0.001,13.8346,2000,2.66643,2.63927,3.31763,2.69416,621.625,564.5,2237.85,2032.2,29.9375,15.375,1.38897e+06,65.9065,110.795,700,700,0.207406,0.00177246,0.088605,0.276806,0.188189,0.142204,0.0407283,-0.187493,2.1709e-10,0.373111,1.50741,0.407005,
115,4.81393e-36,0.001,13.9511,2000,2.47427,2.45222,3.23706,2.49689,584.625,530.188,2104.65,1908.67,26,14.8125,1.40306e+06,75.4488,121.001,700,700,0.200094,0.0010339,0.0798928,0.158073,0.0781563,0.16224,0.0484189,-0.0662897,-2.34846e-10,0.371557,1.4965,0.38115,
116,2.40696e-36,0.001,14.4219,2000,2.5249,2.49676,3.23909,2.55382,589.438,535.562,2121.98,1928.03,27.5,13.125,1.43107e+06,78.5392,123.715,700,700,0.199031,0.000636577,0.0845913,0.151048,0.066459,0.157245,0.0476036,-0.061869,1.80192e-10,0.390149,1.64876,0.552818,
117,1.20348e-36,0.001,14.196,2000,2.54509,2.52289,3.24788,2.56779,593.875,538.312,2137.95,1937.92,27.9375,15,1.39586e+06,76.2372,121.364,700,700,0.199313,0.00104525,0.0946765,0.177148,0.082455,0.156176,0.0505063,-0.0714161,1.60368e-10,0.386764,1.54166,0.192625,
118,6.01741e-37,0.001,14.0429,2000,2.62591,2.60058,3.30062,2.65175,615.375,557.188,2215.35,2005.88,30.25,15.75,1.38008e+06,67.6537,112.618,700,700,0.202969,0.00120748,0.110435,0.245538,0.135087,0.150138,0.0458302,-0.135782,9.74785e-11,0.380423,1.49986,0.455212,
119,3.0087e-37,0.001,13.9979,2000,2.56658,2.54134,3.26609,2.59242,597.25,536.938,2150.1,1932.97,32.75,17.625,1.4033e+06,74.2275,119.073,700,700,0.186594,-0.000167309,0.123466,0.116241,-0.00722613,0.142035,0.0549915,0.0213966,-1.66921e-10,0.392007,1.71105,0.517817,
120,1.5e-37,0.001,13.8984,2000,2.43329,2.41022,3.09013,2.45684,572.688,512.188,2061.68,1843.88,32.875,17.4375,1.40033e+06,87.2223,132.823,700,700,0.173906,-0.00212695,0.11936,-0.00829032,-0.127673,0.060864,0.0502093,0.156884,-3.71233e-10,0.366542,2.45159,0.456442,
121,7.5e-38,0.001,14.0091,2000,2.66038,2.62625,3.32021,2.69524,619.625,560.875,2230.65,2019.15,32.875,15.25,1.41148e+06,66.8734,111.651,700,700,0.19825,0.00175113,0.137748,0.253166,0.115398,0.115618,0.0516952,-0.114765,-2.5063e-11,0.359045,1.76393,0.392483,
122,3.75e-38,0.001,13.8654,2000,2.67282,2.64646,3.32875,2.69971,623.25,564.688,2243.7,2032.88,32.875,16.6875,1.42313e+06,64.6236,109.448,700,700,0.200156,0.00136562,0.14204,0.246858,0.104806,0.13159,0.0478635,-0.104849,1.12491e-11,0.351024,1.74293,0.310693,
123,1.875e-38,0.001,13.5808,2000,2.57484,2.55227,3.27837,2.59791,602.75,544.125,2169.9,1958.85,30.875,15.8125,1.39935e+06,72.8037,117.881,700,700,0.194875,0.000589685,0.138099,0.162916,0.0248156,0.140427,0.0477859,-0.0183597,1.66271e-10,0.335126,1.80387,0.381302,
124,9.375e-39,0.001,13.7069,2000,2.49198,2.46382,3.24557,2.52058,586.375,525.938,2110.95,1893.38,32.3125,14.4375,1.39845e+06,72.8843,118.14,700,700,0.182188,-0.0012651,0.138387,0.0391211,-0.0992756,0.122341,0.0491511,0.108594,4.45892e-10,0.31142,2.08346,0.389806,
125,4.6875e-39,0.001,13.4811,2000,2.64209,2.61912,3.3157,2.66546,621.25,563.438,2236.5,2028.38,30.25,15.4375,1.37659e+06,65.947,111.128,700,700,0.206094,0.0016501,0.152235,0.263299,0.111077,0.146091,0.040804,-0.111363,-1.47601e-10,0.306847,1.59573,0.348721,
126,2.34375e-39,0.001,13.8256,2000,2.68426,2.66247,3.33969,2.70639,625.75,566.875,2252.7,2040.75,31.9375,15.6875,1.3854e+06,65.247,110.092,700,700,0.203594,0.0012829,0.160277,0.240173,0.0798837,0.148851,0.0387007,-0.0798758,2.86555e-11,0.290512,1.72408,0.489164,
127,1.17187e-39,0.001,13.8982,2000,2.60599,2.57871,3.29782,2.63385,614.5,553.062,2212.2,1991.03,33.625,16.5,1.38197e+06,65.7323,110.944,700,700,0.192469,-0.00027629,0.158339,0.143305,-0.015034,0.132768,0.0401642,0.0190958,2.42027e-11,0.269645,1.88965,0.494118,
128,5.85937e-40,0.001,13.8873,2000,2.68521,2.66634,3.33438,2.70436,630.5,569.688,2269.8,2050.88,33.5625,17.4375,1.38002e+06,64.1897,109.292,700,700,0.200937,0.000931986,0.170288,0.233693,0.0634021,0.131908,0.0410562,-0.0621663,-1.06563e-10,0.258029,1.75564,0.462675,
129,2.92969e-40,0.001,13.9515,2000,2.37613,2.35901,3.1227,2.39354,559.75,499.938,2015.1,1799.78,30.625,15.8125,1.40041e+06,85.8741,131.575,700,700,0.173406,-0.00190125,0.140558,-0.0662398,-0.206821,0.109702,0.0402642,0.237986,-1.27382e-09,0.275662,2.08867,0.439582,
130,1.46484e-40,0.001,14.0124,2000,2.62995,2.60781,3.30353,2.65239,622.938,565.062,2242.57,2034.22,32.375,15.5625,1.38814e+06,66.9332,112.504,700,700,0.201594,0.000688014,0.15856,0.21144,0.0528717,0.129332,0.041936,-0.0507835,2.84907e-11,0.245073,1.77362,0.412008,
131,7.32422e-41,0.001,14.0539,2000,2.42999,2.41234,3.18258,2.44791,574.5,513.625,2068.2,1849.05,31.9375,15.8125,1.35296e+06,82.7605,128.379,700,700,0.176969,-0.00163824,0.130034,-0.0200987,-0.150135,0.128998,0.0415347,0.167198,2.42091e-10,0.264166,2.08082,0.360658,
132,3.66211e-41,0.001,14.1565,2000,2.26428,2.24654,3.04993,2.28238,543.188,484,1955.47,1742.4,28.6875,14.1875,1.36467e+06,93.8233,140.179,700,700,0.170281,-0.00224048,0.0999709,-0.105917,-0.205911,0.085323,0.0408482,0.23187,-2.71112e-10,0.251317,1.98929,0.481238,
133,1.83105e-41,0.001,13.939,2000,2.53317,2.51353,3.22452,2.55307,597.875,538.812,2152.35,1939.73,32.875,15.75,1.41162e+06,78.8903,124.5,700,700,0.187219,-0.000307901,0.109567,0.0951085,-0.0144426,0.117011,0.0403484,0.0250777,8.26701e-11,0.216184,1.92178,0.43208,
134,9.15527e-42,0.001,13.8335,2000,2.72874,2.70811,3.35935,2.74966,636.812,572.188,2292.53,2059.88,37.625,18.9375,1.37518e+06,60.3658,105.08,700,700,0.192031,0.000524267,0.107742,0.199495,0.09174,0.122471,0.0401504,-0.0908461,9.91172e-11,0.208146,1.92101,0.337673,
135,4.57764e-42,0.001,13.7879,2000,2.77036,2.74352,3.39346,2.79752,637.875,576.625,2296.35,2075.85,33.75,15.125,1.34856e+06,56.6664,100.984,700,700,0.203937,0.00155798,0.0950396,0.246315,0.151252,0.122025,0.0414703,-0.152047,-6.14525e-11,0.195597,1.90391,0.424729,
136,2.28882e-42,0.001,13.9571,2000,2.59566,2.57929,3.30888,2.61223,610.875,552.25,2199.15,1988.1,30.6875,15,1.39809e+06,67.9876,113.387,700,700,0.199406,0.000903864,0.0666829,0.177093,0.110397,0.14507,0.0408033,-0.103435,-1.50685e-10,0.18437,1.73364,0.51651,
137,1.14441e-42,0.001,13.9292,2000,2.66038,2.64108,3.33256,2.67996,627.938,563.562,2260.57,2028.83,36.75,18.375,1.38028e+06,60.8947,106.067,700,700,0.189906,-7.1583e-05,0.065897,0.161146,0.0952239,0.130704,0.0418143,-0.0944385,-1.66737e-11,0.175598,1.86082,0.514616,
138,5.72205e-43,0.001,14.0007,2000,2.65564,2.63714,3.32024,2.67434,630.75,565.75,2270.7,2036.7,35.75,17.5,1.33115e+06,63.2278,108.678,700,700,0.1935,0.000118312,0.0654115,0.173313,0.10791,0.137376,0.0421758,-0.108439,-5.6924e-11,0.168268,1.84664,0.390782,
139,2.86102e-43,0.001,14.0242,2000,2.70893,2.68492,3.34858,2.73319,636.75,572.562,2292.3,2061.23,36.9375,16.75,1.38493e+06,59.8982,104.916,700,700,0.193937,8.65179e-05,0.0762564,0.159838,0.083583,0.119802,0.0426007,-0.0832289,9.62666e-11,0.164668,2.05485,0.419986,
140,1.43051e-43,0.001,14.031,2000,2.64291,2.6238,3.32754,2.66223,625,566.812,2250,2040.53,31.625,15,1.38709e+06,65.2227,110.697,700,700,0.204344,0.00112718,0.0749493,0.223328,0.14838,0.135316,0.0428199,-0.147977,-6.33251e-11,0.156874,1.74737,0.503502,
141,7.15256e-44,0.001,13.8325,2000,2.75883,2.74467,3.39125,2.77318,641.438,580.188,2309.18,2088.68,33.375,17.6875,1.33475e+06,55.9445,100.61,700,700,0.206656,0.00203494,0.105066,0.284569,0.179501,0.144265,0.0416731,-0.178884,-1.27594e-10,0.155346,1.66693,0.487888,
142,3.57628e-44,0.001,13.8777,2000,2.65585,2.63848,3.33215,2.6734,626.312,563.562,2254.73,2028.83,37.25,18.3125,1.39768e+06,63.003,108.241,700,700,0.188656,-0.000435822,0.114158,0.150252,0.0361072,0.131603,0.0419861,-0.0365634,-4.3536e-11,0.150851,1.87974,0.365272,
143,1.78814e-44,0.001,14.0701,2000,2.52853,2.51164,3.19941,2.5456,595.938,536.938,2145.38,1932.97,33.875,16.3125,1.47222e+06,77.1677,122.922,700,700,0.183781,-0.000873672,0.121623,0.0588627,-0.0627425,0.0946759,0.0430275,0.0840662,-1.54194e-11,0.142314,2.00483,0.492419,
144,8.9407e-45,0.001,13.9951,2000,2.64686,2.63296,3.34422,2.66089,622,562.375,2239.2,2024.55,33.1875,16.625,1.4131e+06,64.3222,109.536,700,700,0.198219,0.000712912,0.140833,0.210463,0.069645,0.143442,0.0410382,-0.0696773,5.95922e-12,0.139775,1.68591,0.501885,
145,4.47035e-45,0.001,13.9526,2000,2.64215,2.62387,3.32261,2.6606,626.875,566.875,2256.75,2040.75,33.875,16.125,1.38295e+06,65.2599,110.865,700,700,0.19875,0.000414656,0.153541,0.18314,0.0295975,0.130979,0.0409055,-0.0284825,2.87006e-10,0.134659,1.87696,0.372291,
146,2.23517e-45,0.001,13.919,2000,2.73629,2.72043,3.38363,2.75233,636,573.688,2289.6,2065.28,35.875,17.8125,1.36501e+06,58.8123,103.506,700,700,0.197156,0.00082048,0.18345,0.219252,0.0357967,0.130111,0.0420393,-0.0335405,2.74477e-12,0.132733,1.86182,0.494659,
147,1.11759e-45,0.001,13.9327,2000,2.76207,2.74742,3.3902,2.77688,640.688,577.875,2306.47,2080.35,37.0625,19,1.4111e+06,57.4713,102.099,700,700,0.196281,0.000785027,0.195735,0.217848,0.02213,0.132616,0.0413259,-0.0231088,5.5253e-11,0.129069,1.88583,0.502639,
148,5.58794e-46,0.001,13.9891,2000,2.56666,2.55213,3.24937,2.58135,601.875,542.75,2166.75,1953.9,31.6875,16.3125,1.38649e+06,73.4332,118.891,700,700,0.192156,0.000183825,0.183716,0.118711,-0.065003,0.134851,0.0426282,0.0836547,-2.00256e-10,0.133171,1.79546,0.367072,
149,2.79397e-46,0.001,13.9634,2000,2.65854,2.63871,3.35241,2.67858,625.438,561.562,2251.57,2021.62,36.8125,17.8125,1.36135e+06,59.8464,104.864,700,700,0.18875,-0.000408276,0.199183,0.126339,-0.0728595,0.131805,0.0437123,0.0730919,2.47472e-11,0.128669,2.00328,0.355348,
150,1.39698e-46,0.001,13.8464,2000,2.72742,2.7094,3.3785,2.74563,637.25,575.438,2294.1,2071.58,35.25,17.125,1.37716e+06,60.4137,105.269,700,700,0.199594,0.000848465,0.205169,0.205103,-6.49914e-05,0.128769,0.0420487,0.000244596,1.71763e-10,0.130994,1.8886,0.440886,
151,6.98492e-47,0.001,13.9849,2000,2.71402,2.69972,3.37127,2.72848,635.125,576.125,2286.45,2074.05,32.125,16.25,1.36546e+06,60.1511,105.193,700,700,0.20775,0.00172453,0.201794,0.263093,0.0612936,0.147694,0.0426079,-0.0612048,5.39331e-12,0.132701,1.65266,0.435688,
152,3.49246e-47,0.001,13.9013,2000,2.59506,2.5774,3.26652,2.61295,606.75,546.812,2184.3,1968.53,33.1875,16.125,1.39188e+06,70.2486,115.502,700,700,0.190438,-0.000168257,0.190103,0.102616,-0.0874929,0.126442,0.0416014,0.100157,-2.14206e-11,0.13558,1.92681,0.378802,
153,1.74623e-47,0.001,14.0065,2000,2.64192,2.62226,3.32923,2.6618,624.375,561.625,2247.75,2021.85,33.8125,16.0625,1.34e+06,62.0541,107.339,700,700,0.196281,0.00018178,0.184748,0.171909,-0.0128538,0.138714,0.0427208,0.0147299,-5.92472e-11,0.137641,1.82626,0.483318,
154,8.73115e-48,0.001,13.9216,2000,2.63537,2.6179,3.33275,2.653,623.438,559.875,2244.38,2015.55,33.5625,16.0625,1.3044e+06,64.8793,110.139,700,700,0.196031,0.000221804,0.174391,0.165276,-0.00915355,0.145264,0.0433775,0.0102205,-1.1685e-10,0.139455,1.78724,0.399373,
155,4.36557e-48,0.001,13.9899,2000,2.66993,2.65198,3.35619,2.68811,621,559.562,2235.6,2014.42,33.375,16,1.37073e+06,61.5929,106.363,700,700,0.196344,0.000503598,0.173868,0.153761,-0.0201374,0.139182,0.0434795,0.0261758,1.21514e-11,0.141035,1.92367,0.340335,
156,2.18279e-48,0.001,14.0017,2000,2.64282,2.62784,3.32552,2.65796,626.562,563.438,2255.62,2028.38,36.9375,18.875,1.36931e+06,63.8578,109.29,700,700,0.189375,-0.000382731,0.154783,0.145369,-0.00941808,0.140926,0.0431613,0.0100228,-1.04722e-11,0.140201,1.83356,0.356647,
157,1.09139e-48,0.001,13.9431,2000,2.74665,2.72835,3.38354,2.76518,638.562,578.188,2298.82,2081.47,33.3125,17.125,1.3585e+06,57.3185,102.026,700,700,0.205813,0.00164322,0.156678,0.268934,0.112254,0.141526,0.0422097,-0.111716,-4.79057e-12,0.145242,1.68301,0.502439,
158,5.45697e-49,0.001,13.8042,2000,2.74355,2.72768,3.3869,2.75957,637.188,575.188,2293.88,2070.68,34.75,17.625,1.35233e+06,56.6829,101.31,700,700,0.200719,0.00110444,0.152183,0.228292,0.0761009,0.144614,0.0420966,-0.0756639,-8.0791e-11,0.148233,1.79279,0.33142,
159,2.72848e-49,0.001,14.0862,2000,2.57022,2.55408,3.27655,2.58654,606.688,547.062,2184.07,1969.42,31.5625,15.4375,1.37422e+06,69.1668,114.64,700,700,0.194625,5.08007e-05,0.131081,0.116469,-0.0146192,0.142094,0.0417534,0.024999,-1.09599e-10,0.147403,1.88896,0.416895,
160,1.36424e-49,0.001,13.8017,2000,2.72552,2.70621,3.38611,2.74507,632.812,571.188,2278.12,2056.28,34.6875,17.1875,1.35432e+06,59.5334,104.125,700,700,0.198875,0.000829317,0.144828,0.205119,0.0602865,0.141044,0.0346018,-0.0590875,-1.53516e-10,0.15245,1.80371,0.269404,
161,6.82121e-50,0.001,14.1894,2000,2.60966,2.59244,3.32266,2.62709,617.875,560,2224.35,2016,31.75,15.6875,1.41021e+06,66.4604,112.028,700,700,0.200625,0.000490566,0.125538,0.183859,0.0583472,0.155275,0.0437715,-0.0588426,3.16121e-11,0.148631,1.72018,0.349636,
162,3.41061e-50,0.001,14.3674,2000,2.54039,2.52766,3.17789,2.55327,597.062,535.188,2149.43,1926.68,34.1875,17.8125,1.38375e+06,78.7179,124.339,700,700,0.182125,-0.000945551,0.11739,0.0520553,-0.0653511,0.0228264,0.0522285,0.0881127,4.92026e-10,0.156822,1.91006,0.510579,
163,1.7053e-50,0.001,14.5951,2000,2.4369,2.42045,3.13051,2.45363,575.875,516.562,2073.15,1859.62,32.3125,16.5,1.40196e+06,82.5212,128.43,700,700,0.1775,-0.0016337,0.100926,-0.0117609,-0.112681,0.061146,0.0514702,0.13624,-3.04437e-11,0.150944,1.93901,0.451817,
164,8.52651e-51,0.001,14.4414,2000,2.70309,2.68547,3.35607,2.72091,635.25,574.125,2286.9,2066.85,34.5625,17.5625,1.35659e+06,58.062,103.188,700,700,0.200656,0.000844725,0.117789,0.225199,0.107408,0.138312,0.0533686,-0.107487,-4.87182e-11,0.150452,1.76503,0.477706,
165,4.26326e-51,0.001,14.2154,2000,2.64334,2.62378,3.32679,2.66312,625.125,565.375,2250.45,2035.35,33.0625,15.625,1.36894e+06,63.0535,108.531,700,700,0.200031,0.000394129,0.102418,0.185878,0.083446,0.141542,0.0485972,-0.0835133,8.12411e-11,0.149968,1.78915,0.222263,
166,2.13163e-51,0.001,14.6787,2000,2.68277,2.66072,3.34198,2.70506,632.938,568.25,2278.57,2045.7,37.5,17.75,1.37837e+06,61.6684,106.842,700,700,0.190375,-0.00053198,0.105072,0.140972,0.0358866,0.131785,0.0529311,-0.0361329,1.68436e-09,0.148715,1.97267,0.40453,
167,1.06581e-51,0.001,14.1096,2000,2.68576,2.66892,3.35181,2.70275,631.688,567.688,2274.07,2043.68,36,17.3125,1.35108e+06,60.6071,105.679,700,700,0.193844,-1.14024e-05,0.106047,0.177598,0.0715439,0.134268,0.051737,-0.0724059,-1.31222e-11,0.150077,1.86499,0.3874,
168,5.32907e-52,0.001,14.4812,2000,2.68266,2.66786,3.35157,2.69763,630.875,573.062,2271.15,2063.02,32.5,16.75,1.41473e+06,62.0256,107.341,700,700,0.205281,0.0013135,0.110427,0.251336,0.140913,0.151359,0.0536786,-0.140688,4.17637e-11,0.14964,1.67424,0.434045,
169,2.66454e-52,0.001,14.3106,2000,2.55808,2.53539,3.27656,2.58101,605.188,545.312,2178.67,1963.12,32.25,14,1.37588e+06,71.0288,116.52,700,700,0.192031,-0.000616225,0.107119,0.0830387,-0.024086,0.13842,0.0546129,0.0296679,1.41805e-10,0.152418,1.99866,0.508392,
170,1.33227e-52,0.001,,,,,,,,,,,,,,,,,,,,,,,,,,,,,,
