step,klcoef,lr,rollout_time,horizon,speed,speed_rl,speed_rl_std,speed_human,inflow,outflow,inflow_hourly,outflow_hourly,collisions,collisions_human,fuel,backlog_step,n_total_veh_step,flow_horizontal,flow_vertical,raw_reward_mean,raw_reward_sum,reward_mean,reward_sum,n_veh_step_mean,n_veh_step_sum,n_veh_unique,policy_loss,kl,entropy,gd_time,total_time
0,0,0.001,15.991,2000,0.485158,0.451231,0.794751,0.523232,161.5,111,581.4,399.6,10,3.625,1.47065e+06,294.234,348.419,700,700,0.0305,61,-0.00139067,-2.78134,28.5657,57131.3,89.625,0.108896,-1.29551e-10,1.09861,0.530782,257.46
1,0,0.001,15.9851,2000,0.478809,0.447308,0.810745,0.514071,159.062,111.312,572.625,400.725,8.25,2.6875,1.49011e+06,293.009,347.045,700,700,0.0350312,70.0625,0.000562623,1.12525,28.4465,56893,88.8125,-0.0412501,1.06276e-10,1.09853,0.464451,514.997
2,0,0.001,16.5918,2000,0.459604,0.42888,0.781046,0.494075,154.312,105.125,555.525,378.45,10.625,4.25,1.47274e+06,296.584,350.631,700,700,0.026,52,-0.00132269,-2.64539,28.4021,56804.1,87.375,0.113607,3.28139e-10,1.09844,0.214442,781.888
3,0,0.001,16.5131,2000,0.523786,0.487981,0.849147,0.564211,168.25,119.938,605.7,431.775,10.5,3.6875,1.48494e+06,290.976,344.318,700,700,0.0337188,67.4375,0.000772163,1.54433,28.1238,56247.6,94.0625,-0.0891141,-5.51683e-09,1.09824,0.304104,1047.61
4,0,0.001,16.6201,2000,0.523319,0.489026,0.859805,0.561713,169.812,118.875,611.325,427.95,11,4.375,1.43528e+06,288.16,341.326,700,700,0.0319375,63.875,7.65661e-05,0.153132,28.011,56022,94.5,0.0510125,-7.701e-11,1.09788,-0.271139,1314.5
5,0,0.001,16.6275,2000,0.453642,0.424276,0.815865,0.486493,149.125,102.688,536.85,369.675,8.5,2.625,1.47003e+06,296.977,349.342,700,700,0.0300938,60.1875,-0.000281993,-0.563986,27.3178,54635.6,84.5,0.0871448,-2.02504e-10,1.09732,0.239639,1582.02
6,0,0.001,16.6296,2000,0.507153,0.473821,0.874382,0.544303,163.688,116.562,589.275,419.625,10.375,3.5625,1.49584e+06,286.878,339.34,700,700,0.0323437,64.6875,0.000214941,0.429882,27.5375,55074.9,91.5,-0.00741506,3.26362e-12,1.09665,0.263633,1849.65
7,0,0.001,16.3096,2000,0.64447,0.60275,0.972567,0.691393,197.062,149.062,709.425,536.625,11.625,4.8125,1.46377e+06,275.678,328.262,700,700,0.0454688,90.9375,0.00326263,6.52525,27.7708,55541.6,108.875,-0.296064,-8.73348e-11,1.09554,0.505689,2111.82
8,0,0.001,15.816,2000,0.594055,0.557882,0.962282,0.634704,181.75,134.75,654.3,485.1,10.375,4.375,1.46925e+06,280.064,331.535,700,700,0.0414375,82.875,0.0018618,3.72359,27.006,54012.1,100.5,-0.140712,-4.31921e-09,1.09456,0.511949,2366.52
9,0,0.001,15.6948,2000,0.676799,0.633762,1.02939,0.725016,201.438,152.5,725.175,549,13,5,1.47033e+06,273.506,324.732,700,700,0.04375,87.5,0.0022266,4.45321,26.9497,53899.3,110.375,-0.181524,-2.40616e-09,1.09301,0.426913,2619.19
10,0,0.001,15.6216,2000,0.717268,0.672572,1.07552,0.767421,207.812,162.062,748.125,583.425,10.875,3.9375,1.46421e+06,269.408,319.873,700,700,0.0538438,107.688,0.00431185,8.6237,26.5083,53016.6,113.375,-0.424159,5.59337e-09,1.09156,0.548262,2870.81
11,0,0.001,16.1483,2000,0.775528,0.722026,1.13056,0.835685,215.875,170.062,777.15,612.225,12.625,4.4375,1.45989e+06,267.13,316.403,700,700,0.0534687,106.938,0.00374825,7.49649,26.0023,52004.6,117.688,-0.309547,3.77801e-09,1.08942,0.449949,3130.89
12,0,0.001,15.1717,2000,0.941167,0.878132,1.28907,1.01291,252.688,205.562,909.675,740.025,13.25,5.5,1.42946e+06,251.101,299.477,700,700,0.0696563,139.312,0.0070073,14.0146,25.7216,51443.2,136.312,-0.648885,1.3597e-09,1.08633,0.532377,3384.86
13,0,0.001,14.5773,2000,0.898807,0.839567,1.30187,0.965657,237.125,190.688,853.65,686.475,12.5,4.25,1.40847e+06,254.877,302.446,700,700,0.0640938,128.188,0.00519028,10.3806,25.0317,50063.3,127.5,-0.442284,-3.33691e-10,1.08402,-0.111836,3619.07
14,0,0.001,14.3588,2000,1.01783,0.952219,1.43774,1.09166,257.812,212.75,928.125,765.9,13.875,4.625,1.43981e+06,244.113,290.134,700,700,0.0716875,143.375,0.00636058,12.7212,24.2627,48525.5,138.438,-0.528017,-5.00598e-11,1.08026,0.490966,3849.84
15,0,0.001,14.4329,2000,1.07062,1.00359,1.50475,1.14611,266.625,222.688,959.85,801.675,13.75,5.5,1.46929e+06,240.359,286.131,700,700,0.0769688,153.938,0.00693732,13.8746,24.1378,48275.7,142.562,-0.649821,2.04149e-10,1.0761,0.54647,4082.35
16,0,0.001,14.064,2000,1.12249,1.05017,1.54954,1.20374,271.688,227.688,978.075,819.675,14.75,5.625,1.46431e+06,241.244,286.314,700,700,0.0769688,153.938,0.006396,12.792,23.7822,47564.5,145.25,-0.535839,3.26844e-11,1.072,0.397867,4308.77
17,0,0.001,14.7898,2000,1.24583,1.1739,1.74188,1.32663,292.625,251.188,1053.45,904.275,13.75,5.6875,1.4919e+06,224.69,268.503,700,700,0.0912188,182.438,0.00885006,17.7001,23.0268,46053.6,155.5,-0.754759,1.04067e-09,1.06748,0.539856,4536.89
18,0,0.001,14.2097,2000,1.24831,1.17498,1.72047,1.33033,286.062,247.5,1029.82,891,11.875,4.6875,1.45795e+06,231.827,275.708,700,700,0.0940625,188.125,0.00870772,17.4154,22.9638,45927.6,153.312,-0.756233,1.28016e-10,1.06378,-0.114454,4765.89
19,0,0.001,13.7072,2000,1.59501,1.50482,2.06616,1.69623,346.188,311.125,1246.28,1120.05,11.5,5.5,1.49725e+06,205.167,246.483,700,700,0.126812,253.625,0.0144264,28.8529,21.8362,43672.3,182.812,-1.3775,-5.72179e-10,1.05472,0.547896,4986.71
20,0,0.001,13.9718,2000,1.56312,1.47703,2.07394,1.65918,342.312,304.062,1232.33,1094.62,14.625,6.75,1.52235e+06,206.246,248.121,700,700,0.115469,230.938,0.0112649,22.5298,22.0476,44095.1,180.625,-1.01828,-2.87606e-10,1.04958,0.572371,5211.8
21,0,0.001,13.8999,2000,1.51381,1.42877,2.10668,1.60826,329.625,291.25,1186.65,1048.5,14.0625,5.75,1.50128e+06,205.056,247.098,700,700,0.110469,220.938,0.00958428,19.1686,22.0548,44109.6,174.812,-0.789861,2.00424e-09,1.04307,0.418768,5435.58
22,0,0.001,13.1995,2000,1.7926,1.70116,2.36395,1.89358,381.688,343.625,1374.07,1237.05,13.375,5.8125,1.46659e+06,185.081,225.689,700,700,0.138375,276.75,0.014091,28.182,21.2949,42589.8,200.312,-1.29334,-7.59413e-10,1.03273,0.396743,5657.67
23,0,0.001,13.782,2000,1.89705,1.80338,2.45102,2.00014,399.125,364.875,1436.85,1313.55,13.375,5.9375,1.55713e+06,178.237,218.656,700,700,0.149,298,0.0151489,30.2979,21.168,42335.9,209.375,-1.43067,-4.22389e-11,1.02533,0.554175,5879.69
24,0,0.001,13.7464,2000,1.82211,1.73461,2.42936,1.91811,387.375,348.375,1394.55,1254.15,14.3125,6.1875,1.43974e+06,180.013,221.022,700,700,0.138406,276.812,0.0123673,24.7347,21.3827,42765.3,203.875,-1.09625,-7.25685e-10,1.01995,0.53746,6101.11
25,0,0.001,14.4247,2000,2.05201,1.95541,2.61334,2.15781,424.688,392,1528.88,1411.2,12.75,5.5,1.55831e+06,167.935,207.967,700,700,0.164125,328.25,0.0161822,32.3643,20.9166,41833.1,222.562,-1.51613,-1.87874e-10,1.0084,0.39588,6323.19
26,0,0.001,13.183,2000,2.00667,1.91631,2.61626,2.10538,420.438,382.438,1513.58,1376.78,16.125,7.5,1.50585e+06,166.028,206.537,700,700,0.150906,301.812,0.0130567,26.1134,21.1074,42214.8,219.938,-1.17578,5.53873e-10,1.00283,-0.0381267,6544.56
27,0,0.001,12.9427,2000,2.13249,2.03752,2.72119,2.23594,444.688,406.812,1600.88,1464.53,15.375,6.8125,1.49616e+06,157.509,197.669,700,700,0.164969,329.938,0.0148359,29.6719,20.9297,41859.4,232.062,-1.40697,1.66921e-10,0.994397,0.411158,6762.51
28,0,0.001,13.8474,2000,2.14945,2.05816,2.76506,2.24867,447.812,408,1612.12,1468.8,17.1875,8.125,1.4921e+06,153.842,193.877,700,700,0.161031,322.062,0.0134906,26.9812,20.8367,41673.5,233.625,-1.26576,-6.05407e-10,0.987624,0.453279,6985.48
29,0,0.001,13.7179,2000,2.11834,2.03113,2.75537,2.21289,442.938,404.25,1594.58,1455.3,15.375,7.375,1.50471e+06,153.216,193.742,700,700,0.163687,327.375,0.0133713,26.7426,21.0538,42107.7,230.75,-1.20602,1.51087e-10,0.97846,0.0221307,7205.95
30,0,0.001,13.8544,2000,2.25366,2.16321,2.87697,2.35148,467.188,431.375,1681.88,1552.95,13.75,6.5625,1.5004e+06,144.631,184.761,700,700,0.181312,362.625,0.0157069,31.4138,20.8441,41688.2,243.438,-1.45103,-1.9024e-10,0.968989,0.575823,7429.13
31,0,0.001,13.8873,2000,2.20229,2.11656,2.86686,2.29486,461.75,420.562,1662.3,1514.03,18.25,8.75,1.47901e+06,143.713,184.152,700,700,0.164656,329.312,0.0123573,24.7146,20.9944,41988.8,240.812,-1.12002,7.92282e-11,0.963668,0.417927,7652.7
32,0,0.001,13.6776,2000,2.28588,2.20348,2.93207,2.3745,480.75,443.438,1730.7,1596.38,16.6875,8.6875,1.54726e+06,137.332,178.04,700,700,0.18,360,0.0144186,28.8372,21.0886,42177.2,250.438,-1.35217,-7.14247e-11,0.952657,0.38427,7872.36
33,0,0.001,13.8543,2000,2.412,2.32017,3.00653,2.51074,501.062,461.75,1803.82,1662.3,18.25,8.4375,1.52743e+06,127.551,167.773,700,700,0.18525,370.5,0.0147283,29.4565,20.8313,41662.6,260.5,-1.36532,-1.02539e-10,0.937371,0.36687,8095.32
34,0,0.001,13.8118,2000,2.16527,2.0922,2.84689,2.24338,467.688,424.438,1683.67,1527.97,20,10.125,1.50092e+06,140.131,182.17,700,700,0.162219,324.438,0.0104864,20.9727,21.6884,43376.9,244.312,-0.896731,1.91885e-10,0.931575,0.564171,8317.83
35,0,0.001,13.9567,2000,2.23893,2.16675,2.88802,2.31575,484.125,442,1742.85,1591.2,19,9.0625,1.51819e+06,136.085,178.4,700,700,0.1735,347,0.0119115,23.823,21.8157,43631.3,252,-1.07793,-6.42885e-10,0.914437,0.391415,8542.5
36,0,0.001,14.0103,2000,2.39555,2.32293,3.04133,2.47243,521.5,477.75,1877.4,1719.9,20.5,9.6875,1.51194e+06,116.403,158.384,700,700,0.187625,375.25,0.0137649,27.5298,21.5778,43155.6,270.562,-1.27296,-5.08535e-10,0.895957,0.415348,8768.03
37,0,0.001,13.8039,2000,2.48668,2.41618,3.09398,2.56107,539.75,495.375,1943.1,1783.35,22.0625,10.875,1.51977e+06,107.48,149.441,700,700,0.192531,385.062,0.0140998,28.1997,21.5401,43080.2,279.5,-1.33096,-3.72965e-10,0.874679,0.425893,8990.27
38,0,0.001,13.4297,2000,2.41933,2.35863,3.07789,2.48306,538.812,489.375,1939.72,1761.75,24.75,12,1.46777e+06,105.144,147.917,700,700,0.182812,365.625,0.0121675,24.335,21.8984,43796.8,279.562,-1.1364,4.91164e-10,0.855055,0.41425,9216.04
39,0,0.001,13.9088,2000,2.57734,2.50944,3.16322,2.64865,561.125,510.312,2020.05,1837.12,26.1875,12.375,1.47983e+06,95.999,137.913,700,700,0.189688,379.375,0.0128672,25.7343,21.4676,42935.2,289.688,-1.18699,-3.35148e-10,0.836349,10.0315,9449.58
40,0,0.001,13.7975,2000,2.40163,2.34456,3.08132,2.46145,538.5,486.125,1938.6,1750.05,25.5625,12.625,1.43445e+06,103.093,146.335,700,700,0.179156,358.312,0.0108577,21.7155,22.0949,44189.9,278.75,-0.984034,-2.87736e-10,0.81663,0.400537,9663.44
41,0,0.001,14.1634,2000,2.4262,2.37009,3.10035,2.48474,547.688,499.625,1971.67,1798.65,21.125,9.8125,1.42813e+06,99.0633,142.684,700,700,0.197,394,0.0133088,26.6175,22.2523,44504.7,283.375,-1.20358,1.05555e-10,0.798006,0.494511,9891.56
42,0,0.001,14.0394,2000,2.38235,2.33344,3.06872,2.43327,539.812,492.5,1943.33,1773,21.75,10.875,1.45388e+06,104.361,148.377,700,700,0.191875,383.75,0.012121,24.242,22.4166,44833.2,279.938,-1.10337,5.82926e-10,0.789955,0.576555,10117.8
43,0,0.001,13.937,2000,2.54136,2.48936,3.1734,2.59532,573.75,521.75,2065.5,1878.3,27.8125,13.125,1.50764e+06,89.995,133.476,700,700,0.191344,382.688,0.0117242,23.4483,22.1341,44268.1,296.562,-1.09757,6.29785e-10,0.772948,0.0303731,10341.8
44,0,0.001,14.1329,2000,2.54126,2.49166,3.18435,2.5928,572.875,523.125,2062.35,1883.25,24.625,12.3125,1.46533e+06,88.6526,132.126,700,700,0.2,400,0.012734,25.468,22.1473,44294.7,296,-1.20924,-1.51968e-09,0.762902,0.423341,10569.3
45,0,0.001,13.7237,2000,2.52117,2.46468,3.18209,2.57995,566.75,512.438,2040.3,1844.78,27.0625,12.625,1.42194e+06,87.9345,131.127,700,700,0.188563,377.125,0.010679,21.3579,22.0114,44022.8,292.875,-0.993999,4.81293e-10,0.762308,0.395723,10790.3
46,0,0.001,14.796,2000,2.52291,2.46898,3.17969,2.57896,569.688,515.875,2050.88,1857.15,27.25,12.625,1.42553e+06,89.67,133.015,700,700,0.189812,379.625,0.0106112,21.2224,22.0702,44140.4,294.375,-1.01469,-9.25349e-10,0.767435,0.543482,11018.6
47,0,0.001,13.8647,2000,2.58132,2.52383,3.2088,2.64127,571.875,520.875,2058.75,1875.15,27.125,13.125,1.49379e+06,90.4096,133.103,700,700,0.192625,385.25,0.0107909,21.5819,21.7812,43562.5,295.5,-1.01016,7.68537e-10,0.781886,0.573078,11242
48,0,0.001,13.8119,2000,2.44609,2.39423,3.14873,2.50027,546.25,496.375,1966.5,1786.95,24.9375,12.9375,1.49415e+06,96.4111,139.543,700,700,0.185844,371.688,0.00949372,18.9874,22.0282,44056.4,282.812,-0.858531,-1.43609e-10,0.786905,-9.37247,11464
49,0,0.001,13.9473,2000,2.59579,2.535,3.20386,2.6594,572.188,521.625,2059.88,1877.85,25.875,12.8125,1.4497e+06,92.1932,134.65,700,700,0.196125,392.25,0.0108141,21.6282,21.7021,43404.1,295.938,-1.0102,5.19207e-10,0.793247,0.571061,11688.7
50,0,0.001,13.9077,2000,2.54042,2.47947,3.18408,2.60421,556.25,505.312,2002.5,1819.12,27.9375,13.9375,1.51659e+06,97.3932,139.608,700,700,0.182812,365.625,0.00857906,17.1581,21.5887,43177.4,288.25,-0.771807,1.0051e-09,0.808093,0.491644,11912.7
51,0,0.001,14.0524,2000,2.2882,2.23388,2.91912,2.34528,500.125,453.5,1800.45,1632.6,19.625,10.625,1.45134e+06,124.441,167.703,700,700,0.177687,355.375,0.00759546,15.1909,22.1421,44284.1,259.75,-0.610323,3.35754e-09,0.821934,0.581563,12139.1
52,0,0.001,13.9609,2000,2.40583,2.34426,3.08815,2.47069,519,471.938,1868.4,1698.97,22.75,11.375,1.4813e+06,113.584,155.687,700,700,0.179094,358.188,0.00763023,15.2605,21.5566,43113.2,269.125,-0.63241,5.41203e-10,0.831322,0.521898,12364
53,0,0.001,13.5961,2000,2.62262,2.54864,3.22662,2.7008,551.75,510.062,1986.3,1836.22,19.5,9.5625,1.50392e+06,101.457,142.256,700,700,0.206281,412.562,0.0115484,23.0968,20.9542,41908.3,286.062,-1.07453,6.31097e-10,0.842027,0.520648,12583
54,0,0.001,14.0403,2000,2.2288,2.16043,2.88391,2.3012,473.875,433.125,1705.95,1559.25,17.875,8.4375,1.53131e+06,139.84,182.246,700,700,0.171875,343.75,0.00617556,12.3511,21.712,43423.9,247.062,-0.483786,-1.96541e-10,0.87112,0.593158,12809.2
55,0,0.001,13.8124,2000,2.44584,2.36645,3.10028,2.53055,502.75,464.312,1809.9,1671.53,17.25,8.875,1.54969e+06,124.862,165.295,700,700,0.189031,378.062,0.00859776,17.1955,20.8468,41693.7,260.938,-0.75038,-3.30674e-11,0.872197,0.573934,13031.8
56,0,0.001,12.2366,2000,2.51631,2.43675,3.1871,2.6015,517.5,481.062,1863,1731.83,14.625,8.6875,1.50505e+06,117.766,157.737,700,700,0.203969,407.938,0.0106839,21.3679,20.6615,41322.9,268.625,-0.997163,-5.14417e-11,0.879623,0.562943,13247.9
57,0,0.001,13.7814,2000,2.50473,2.42179,3.18656,2.59369,508,472.5,1828.8,1701,13.6875,7.9375,1.52825e+06,124.705,164.135,700,700,0.202031,404.062,0.0102401,20.4803,20.398,40796,263.625,-0.969229,-5.42791e-12,0.887574,0.442825,13469.8
58,0,0.001,13.5422,2000,2.46795,2.3829,3.17423,2.5594,500.75,464.688,1802.7,1672.88,14.875,8.625,1.52345e+06,126.589,166.002,700,700,0.195156,390.312,0.00906794,18.1359,20.4118,40823.6,260.188,-0.847656,-1.16373e-10,0.890651,0.572945,13687.9
59,0,0.001,14.0833,2000,2.43964,2.35463,3.1636,2.53096,494.875,460.938,1781.55,1659.38,14.3125,7.875,1.59183e+06,131.068,170.536,700,700,0.194688,389.375,0.0088729,17.7458,20.4352,40870.4,257.125,-0.830471,-7.60038e-10,0.893427,0.459539,13904.7
60,0,0.001,13.6997,2000,2.46898,2.38147,3.18362,2.56338,494.75,458.938,1781.1,1652.18,13.125,7.875,1.47139e+06,129.686,168.548,700,700,0.196656,393.312,0.00905512,18.1102,20.1568,40313.5,256.75,-0.837886,-1.63292e-10,0.893286,0.403284,14125.3
61,0,0.001,13.1153,2000,2.46856,2.3761,3.1817,2.5682,493.062,460.875,1775.03,1659.15,12.5,6.3125,1.53963e+06,132.21,171.095,700,700,0.199188,398.375,0.00933081,18.6616,20.1609,40321.8,256.812,-0.85165,-9.36028e-10,0.89483,0.451473,14336.5
62,0,0.001,13.2902,2000,2.41787,2.33048,3.16598,2.51211,484.562,450.938,1744.43,1623.38,12.75,7.375,1.50695e+06,133.287,172.203,700,700,0.193594,387.188,0.00836258,16.7252,20.1841,40368.2,252.312,-0.743074,4.8523e-10,0.898893,0.522834,14552.7
63,0,0.001,13.5526,2000,2.44349,2.35175,3.1797,2.54241,489.562,456.562,1762.43,1643.62,11.5,6,1.52915e+06,131.705,170.629,700,700,0.199531,399.062,0.00916627,18.3325,20.1859,40371.8,254.188,-0.864432,-1.45771e-10,0.896392,0.426513,14770.4
64,0,0.001,13.6957,2000,2.44595,2.35576,3.17222,2.5432,487.75,455.562,1755.9,1640.03,12.8125,7.0625,1.57594e+06,133.585,172.444,700,700,0.19575,391.5,0.00848051,16.961,20.1551,40310.2,253.188,-0.794349,-3.56025e-10,0.895653,0.0523207,14990.5
65,0,0.001,13.7194,2000,2.44665,2.36057,3.1807,2.53951,489.625,455.5,1762.65,1639.8,13.5,8,1.53038e+06,132.928,171.796,700,700,0.194,388,0.00811053,16.2211,20.1633,40326.6,254.75,-0.765869,-2.42369e-10,0.893013,0.535292,15211.5
66,0,0.001,13.4774,2000,2.50364,2.41618,3.20712,2.59802,498.062,464.812,1793.03,1673.32,13.6875,8.375,1.55103e+06,128.821,167.56,700,700,0.198188,396.375,0.00866345,17.3269,20.0993,40198.6,258.625,-0.80857,-1.13965e-09,0.88804,0.530352,15428.6
67,0,0.001,13.052,2000,2.54247,2.44966,3.22713,2.64239,504.438,470.625,1815.97,1694.25,14.1875,7.625,1.56442e+06,125.768,164.406,700,700,0.199844,399.688,0.00881454,17.6291,20.0255,40051,262.062,-0.8312,2.89072e-10,0.883552,0.549275,15648.2
68,0,0.001,13.7683,2000,2.49805,2.40979,3.20536,2.59307,500.688,467.312,1802.47,1682.33,13.625,7.9375,1.55425e+06,127.945,166.989,700,700,0.199594,399.188,0.00867052,17.341,20.2369,40473.9,260.188,-0.83809,-2.14345e-10,0.883859,0.43967,15869.9
69,0,0.001,13.6306,2000,2.38792,2.30965,3.13807,2.47196,488.062,452.312,1757.03,1628.33,14.3125,8.75,1.50534e+06,131.269,171.177,700,700,0.190375,380.75,0.00712227,14.2445,20.6581,41316.2,254.25,-0.652243,-2.41418e-10,0.879633,0.444928,16089.3
70,0,0.001,13.6192,2000,2.56073,2.4759,3.2386,2.65156,517.625,481.812,1863.45,1734.52,14.375,8.0625,1.54516e+06,120.4,159.714,700,700,0.204969,409.938,0.00931287,18.6257,20.3243,40648.6,268.125,-0.874738,1.33644e-10,0.865402,0.392075,16308.5
71,0,0.001,13.2154,2000,2.50373,2.42379,3.19492,2.58891,513.375,476.562,1848.15,1715.62,15.75,8.1875,1.51886e+06,118.322,158.278,700,700,0.198906,397.812,0.00824771,16.4954,20.5984,41196.9,266.375,-0.756843,-2.76113e-10,0.858743,0.558396,16530.8
72,0,0.001,13.706,2000,2.63232,2.55213,3.26257,2.71784,535.375,497.312,1927.35,1790.33,18,10.0625,1.53394e+06,110.809,150.393,700,700,0.203656,407.312,0.00888564,17.7713,20.4211,40842.2,278.188,-0.843738,-3.20102e-10,0.84429,0.535435,16751.6
73,0,0.001,13.6759,2000,2.59097,2.51076,3.24208,2.67625,533.375,495.5,1920.15,1783.8,16,8.125,1.51195e+06,113.003,153.057,700,700,0.20775,415.5,0.00941707,18.8341,20.6339,41267.8,276.312,-0.889882,-1.04888e-10,0.838769,0.562984,16971.9
74,0,0.001,13.8837,2000,2.42345,2.35408,3.04539,2.4969,510.812,470.125,1838.93,1692.45,18.6875,9.375,1.50976e+06,122.312,163.98,700,700,0.188344,376.688,0.00624804,12.4961,21.3704,42740.8,266.062,-0.521198,-3.06842e-10,0.833863,0.46002,17195.5
75,0,0.001,14.0473,2000,2.64117,2.56981,3.26311,2.71658,553.625,510.188,1993.05,1836.67,21.9375,11.5625,1.51741e+06,102.922,143.563,700,700,0.20025,400.5,0.00802355,16.0471,20.8729,41745.8,286.562,-0.739636,-5.12866e-10,0.813031,0.441681,17421.7
76,0,0.001,13.7593,2000,2.65995,2.59358,3.28375,2.72983,559.938,514.188,2015.78,1851.07,22.6875,12.3125,1.50459e+06,99.1766,139.905,700,700,0.200375,400.75,0.00794537,15.8907,20.8819,41763.8,289.062,-0.731345,3.27167e-10,0.799892,0.489616,17643.3
77,0,0.001,13.9582,2000,2.70189,2.63442,3.29033,2.77298,569.938,525.688,2051.78,1892.47,22.875,12.5,1.53335e+06,94.7453,135.716,700,700,0.205656,411.312,0.00867098,17.342,21.0105,42020.9,294.812,-0.829999,-1.53583e-10,0.787451,0.454478,17868.2
78,0,0.001,14.4793,2000,2.57214,2.50696,3.23536,2.64051,551.375,506.75,1984.95,1824.3,22.5,11.0625,1.53976e+06,98.6691,140.328,700,700,0.197125,394.25,0.00722379,14.4476,21.3167,42633.5,285.562,-0.689276,4.79968e-10,0.784253,-9.36238,18100.9
79,0,0.001,14.0339,2000,2.68455,2.6188,3.28363,2.75343,572.812,529.312,2062.12,1905.53,20.625,10,1.51734e+06,92.6098,134.064,700,700,0.213094,426.188,0.00961996,19.2399,21.2044,42408.8,296.062,-0.944818,-1.92631e-10,0.770653,0.439849,18326.4
80,0,0.001,14.263,2000,2.61816,2.55908,3.26863,2.68005,566.5,517.875,2039.4,1864.35,24.375,12.875,1.45707e+06,91.5426,133.325,700,700,0.198,396,0.00713294,14.2659,21.3703,42740.7,293.562,-0.657096,2.06516e-10,0.758312,0.441809,18556.1
81,0,0.001,14.9794,2000,2.63587,2.57869,3.27321,2.69554,575.062,528.625,2070.22,1903.05,22.9375,11.5625,1.49697e+06,88.2579,130.499,700,700,0.206969,413.938,0.00844932,16.8986,21.5621,43124.1,297.188,-0.77661,3.55798e-11,0.737554,0.617698,18786.3
82,0,0.001,14.0056,2000,2.67141,2.61377,3.28889,2.73136,585.75,535.062,2108.7,1926.23,24.6875,11.625,1.43392e+06,84.9473,127.238,700,700,0.205813,411.625,0.00816336,16.3267,21.5541,43108.2,302.438,-0.749608,-1.34402e-09,0.7257,0.476159,19011.9
83,0,0.001,14.5152,2000,2.47049,2.42407,3.15797,2.51884,551,502.25,1983.6,1808.1,24.125,13.0625,1.5002e+06,99.2889,142.78,700,700,0.190812,381.625,0.00571337,11.4267,22.198,44395.9,285.25,-0.463522,-8.58143e-10,0.703601,0.58095,19245.8
84,0,0.001,14.1402,2000,2.67962,2.62987,3.29179,2.73126,591.562,539.188,2129.62,1941.08,27.8125,14.3125,1.4773e+06,80.4966,123.096,700,700,0.200063,400.125,0.00707305,14.1461,21.6864,43372.8,305.375,-0.662756,-8.5443e-11,0.700803,0.0520267,19473.2
85,0,0.001,14.6872,2000,2.67347,2.62127,3.2926,2.72759,592.875,538.375,2134.35,1938.15,28.875,14.25,1.43253e+06,80.4815,123.142,700,700,0.197,394,0.00650899,13.018,21.7109,43421.9,306.188,-0.577597,-3.54641e-11,0.691253,0.435135,19709.2
86,0,0.001,15.1483,2000,2.49438,2.44811,3.18609,2.54237,560.188,507.625,2016.67,1827.45,26.125,13.3125,1.46142e+06,87.5834,131.122,700,700,0.1885,377,0.00509369,10.1874,22.1622,44324.4,289.188,-0.416782,6.81837e-10,0.683779,0.464296,19943.4
87,0,0.001,14.4986,2000,2.59713,2.54789,3.26271,2.64807,582.75,536,2097.9,1929.6,22.125,10.4375,1.47197e+06,81.3739,124.823,700,700,0.212688,425.375,0.0087719,17.5438,22.0915,44182.9,301.375,-0.764165,-3.00898e-10,0.671461,0.545766,20177
88,0,0.001,14.5448,2000,2.44081,2.39988,3.18344,2.4832,559.25,505.625,2013.3,1820.25,26.5,13.875,1.43261e+06,89.6421,133.778,700,700,0.186562,373.125,0.00461863,9.23726,22.4346,44869.2,289.25,-0.377626,-4.16866e-10,0.67768,0.438394,20420.2
89,0,0.001,15.3657,2000,2.6711,2.62452,3.29725,2.7194,594.562,543,2140.43,1954.8,28.125,14.625,1.47942e+06,80.1383,123.11,700,700,0.201188,402.375,0.00681238,13.6248,21.8678,43735.6,307.312,-0.642586,1.64145e-09,0.672183,0.51765,20667.7
90,0,0.001,14.8852,2000,2.53189,2.48968,3.21503,2.57569,569.125,516.625,2048.85,1859.85,27.25,14.9375,1.47058e+06,90.4692,134.014,700,700,0.190188,380.375,0.00502972,10.0594,22.1475,44295,294.312,-0.422329,-4.35285e-10,0.6852,0.55104,20907.5
91,0,0.001,14.8664,2000,2.63285,2.58777,3.2658,2.67959,594.5,539.062,2140.2,1940.62,30.4375,16.125,1.46877e+06,81.7806,125.212,700,700,0.193438,386.875,0.00546815,10.9363,22.0999,44199.8,306.625,-0.511927,-3.29043e-10,0.667179,0.471386,21147
92,0,0.001,14.9514,2000,2.66867,2.62019,3.28906,2.71898,597.625,546.438,2151.45,1967.18,27.375,14.375,1.50782e+06,76.6958,119.964,700,700,0.204781,409.562,0.00714481,14.2896,22.0297,44059.4,308.188,-0.672108,8.44741e-11,0.659453,0.434054,21387.7
93,0,0.001,14.454,2000,2.69768,2.65196,3.30595,2.74494,601.688,547.625,2166.07,1971.45,28.8125,14.75,1.43505e+06,76.3279,119.291,700,700,0.201781,403.562,0.00660545,13.2109,21.8363,43672.6,310.625,-0.612281,1.76047e-11,0.654056,0.571879,21620.7
94,0,0.001,14.3245,2000,2.60247,2.56083,3.28523,2.64566,586.312,537.125,2110.72,1933.65,24.6875,14,1.46679e+06,81.2466,124.77,700,700,0.206844,413.688,0.00731042,14.6208,22.1563,44312.7,303.25,-0.668497,1.20378e-10,0.644217,0.459677,21851.5
95,0,0.001,14.4335,2000,2.54249,2.50094,3.23203,2.58545,574.75,523.375,2069.1,1884.15,24.75,12.625,1.45564e+06,84.6492,128.45,700,700,0.199813,399.625,0.0061515,12.303,22.2464,44492.9,297,-0.557108,-2.22206e-10,0.629959,0.454549,22083.9
96,0,0.001,13.8503,2000,2.65157,2.60886,3.30047,2.69572,598.062,547.188,2153.03,1969.88,26.25,13.75,1.47562e+06,77.6185,121.159,700,700,0.207969,415.938,0.00732889,14.6578,22.1295,44259,308.812,-0.673468,5.2346e-11,0.632244,0.511121,22307.1
97,0,0.001,14.3932,2000,2.65111,2.60751,3.27626,2.69618,600.875,548.5,2163.15,1974.6,28.125,14.625,1.47605e+06,77.5312,121.313,700,700,0.203937,407.875,0.00663055,13.2611,22.2481,44496.1,310.312,-0.593931,-2.16031e-10,0.632681,0.0173957,22538.4
98,0,0.001,13.9247,2000,2.65844,2.6145,3.28863,2.70391,600,547.188,2160,1969.88,27.4375,14.5,1.45156e+06,76.3698,119.884,700,700,0.205,410,0.00672386,13.4477,22.1232,44246.4,309.812,-0.629425,-1.47076e-10,0.633672,0.419879,22762.7
99,0,0.001,13.7073,2000,2.6374,2.59147,3.28643,2.6849,596.625,545.188,2147.85,1962.67,26.375,13.1875,1.47385e+06,78.7019,122.372,700,700,0.206656,413.312,0.00690829,13.8166,22.1957,44391.4,307.688,-0.663939,2.0083e-10,0.629338,0.224429,22983.3
100,0,0.001,13.8645,2000,2.67946,2.63693,3.3138,2.72341,602.312,547.25,2168.32,1970.1,29.5625,15.75,1.45974e+06,74.3922,117.642,700,700,0.199719,399.438,0.00577186,11.5437,21.9758,43951.6,310.562,-0.538736,-7.27086e-11,0.627973,0.42081,23206.6
101,0,0.001,14.2719,2000,2.64993,2.60322,3.27718,2.69824,600.562,547.062,2162.02,1969.43,29.3125,14.6875,1.48682e+06,78.3144,122.001,700,700,0.20025,400.5,0.00578847,11.5769,22.2117,44423.3,309.875,-0.525071,1.52105e-10,0.623637,0.501292,23436.5
102,0,0.001,14.2307,2000,2.45594,2.41601,3.15979,2.49724,558.938,512.125,2012.17,1843.65,22.125,11.375,1.46157e+06,96.0242,140.426,700,700,0.20075,401.5,0.00580539,11.6108,22.5131,45026.2,289.875,-0.510515,7.80335e-10,0.614286,0.528689,23665.7
103,0,0.001,14.0126,2000,2.67199,2.62649,3.30258,2.71913,599.75,547.938,2159.1,1972.58,27.375,14.5625,1.46681e+06,76.5606,119.865,700,700,0.205531,411.062,0.00646611,12.9322,22.0333,44066.6,309.438,-0.610688,-9.10136e-11,0.622258,0.525206,23891.5
104,0,0.001,13.7725,2000,2.6319,2.58529,3.28307,2.68008,594.125,541.5,2138.85,1949.4,26.9375,13.25,1.46291e+06,80.7569,124.233,700,700,0.203406,406.812,0.00608223,12.1645,22.0934,44186.9,306.375,-0.539233,-5.33317e-11,0.623744,0.41391,24113.3
105,0,0.001,14.2688,2000,2.65418,2.60871,3.28231,2.7012,599.812,545.375,2159.32,1963.35,29.3125,14.75,1.45638e+06,77.3848,120.9,700,700,0.199406,398.812,0.00541337,10.8267,22.1159,44231.8,309.688,-0.518116,-3.05834e-10,0.62417,0.565507,24342.7
106,0,0.001,14.9229,2000,2.34348,2.30241,3.03319,2.38604,531.5,478.5,1913.4,1722.6,26,13.4375,1.44733e+06,106.661,151.049,700,700,0.17425,348.5,0.00152578,3.05156,22.597,45193.9,275.812,-0.0589385,2.88752e-10,0.656691,0.0211155,24582.6
107,0,0.001,13.3885,2000,2.57218,2.53061,3.26675,2.61525,579,524.938,2084.4,1889.78,26.1875,14.0625,1.40793e+06,83.6217,126.981,700,700,0.197,394,0.00494443,9.88886,22.055,44109.9,298.938,-0.425998,-9.18241e-10,0.63235,0.457737,24807.5
108,0,0.001,14.0744,2000,2.67229,2.62701,3.30247,2.71919,598.938,546.25,2156.17,1966.5,25.75,13.6875,1.40073e+06,78.8787,122.07,700,700,0.20875,417.5,0.00667497,13.3499,21.97,43940.1,309,-0.603657,9.34075e-11,0.624069,0.510632,25034.3
109,0,0.001,14.2158,2000,2.49341,2.44798,3.0982,2.54046,560.875,512.125,2019.15,1843.65,24.5,12.375,1.51073e+06,96.5255,140.641,700,700,0.194812,389.625,0.00450299,9.00597,22.4386,44877.1,290.125,-0.372357,-1.6753e-09,0.642608,0.538855,25263.4
110,0,0.001,13.6349,2000,2.69025,2.64377,3.30615,2.7383,602.125,548.188,2167.65,1973.47,28.25,14.125,1.45841e+06,75.8165,119.023,700,700,0.203469,406.938,0.00576215,11.5243,21.9538,43907.6,310.062,-0.54865,-1.72244e-10,0.616768,0.607924,25473.5
111,0,0.001,13.393,2000,2.55524,2.51313,3.19462,2.59887,570.312,521.125,2053.12,1876.05,23.375,12.5625,1.46788e+06,89.4015,133.086,700,700,0.202125,404.25,0.00550179,11.0036,22.1966,44393.1,294.875,-0.469582,-4.65417e-10,0.622921,0.439686,25689.3
112,0,0.001,12.7405,2000,2.51783,2.47518,3.1602,2.56205,565.25,514,2034.9,1850.4,25.125,13.625,1.45025e+06,93.5712,137.317,700,700,0.194188,388.375,0.00424513,8.49025,22.2664,44532.8,292.125,-0.378235,2.63381e-10,0.641947,0.502968,25894.6
113,0,0.001,12.9263,2000,2.65638,2.61035,3.29815,2.70402,595.938,543.25,2145.38,1955.7,27.1875,13.875,1.47899e+06,77.1863,120.469,700,700,0.203656,407.312,0.00562101,11.242,22.0064,44012.8,306.75,-0.53263,1.93931e-10,0.619887,0.537644,26102.9
114,0,0.001,12.6129,2000,2.6287,2.57974,3.27097,2.67939,583.562,531.375,2100.83,1912.95,25.875,12.1875,1.44935e+06,79.4763,122.552,700,700,0.201,402,0.00516611,10.3322,21.8648,43729.7,301.312,-0.410604,1.52636e-10,0.627035,-0.074517,26305.6
115,0,0.001,12.8172,2000,2.67086,2.6228,3.31422,2.72064,598.438,546.625,2154.38,1967.85,25.625,12.9375,1.42999e+06,76.7692,119.942,700,700,0.20925,418.5,0.00635638,12.7128,21.9612,43922.4,308.5,-0.573789,1.49469e-10,0.619609,0.437563,26511.6
116,0,0.001,12.7518,2000,2.62619,2.57765,3.27951,2.67647,590.562,539.5,2126.02,1942.2,27.5625,13.625,1.49369e+06,81.4817,124.974,700,700,0.200844,401.688,0.00503861,10.0772,22.1221,44244.1,305.125,-0.461543,1.49234e-10,0.622775,0.543765,26726.4
117,0,0.001,12.6254,2000,2.67817,2.63085,3.30479,2.72722,600.312,546.875,2161.12,1968.75,27.9375,14.5625,1.45986e+06,77.0925,120.298,700,700,0.203594,407.188,0.00540747,10.8149,21.9844,43968.8,309.5,-0.489612,-2.21334e-10,0.625226,0.562224,26929.9
118,0,0.001,12.9013,2000,2.66913,2.62173,3.30905,2.71838,596.562,544.438,2147.62,1959.98,26.0625,14.1875,1.41409e+06,76.7107,119.801,700,700,0.207062,414.125,0.00587889,11.7578,21.9536,43907.2,308.312,-0.540069,4.53412e-11,0.634107,0.0653319,27137.4
119,0,0.001,12.5932,2000,2.6291,2.57829,3.28363,2.68186,589.625,538.688,2122.65,1939.28,25,12.625,1.42941e+06,82.6054,125.837,700,700,0.206844,413.688,0.00579863,11.5973,22.0143,44028.5,304.188,-0.532146,-1.09934e-10,0.640565,0.241947,27340.2
120,0,0.001,13.3688,2000,2.52718,2.48035,3.231,2.57584,569.188,519.125,2049.07,1868.85,25.125,13.3125,1.4788e+06,88.2167,131.866,700,700,0.19675,393.5,0.00424062,8.48124,22.2443,44488.6,294.625,-0.353473,-2.91498e-11,0.653604,0.50285,27555.7
121,0,0.001,15.5858,2000,2.56845,2.51892,3.2606,2.62005,573.5,523.125,2064.6,1883.25,25.5625,13.625,1.4633e+06,86.7551,129.828,700,700,0.197656,395.312,0.00433677,8.67355,21.9717,43943.4,296.812,-0.392292,-2.79987e-12,0.661418,0.307503,27806.5
122,0,0.001,16.0257,2000,2.66867,2.6202,3.30651,2.71919,588.625,539.188,2119.05,1941.08,26.1875,14.9375,1.52843e+06,82.4278,125.088,700,700,0.204125,408.25,0.00526212,10.5242,21.7679,43535.9,303.812,-0.492597,-4.48935e-10,0.663886,-0.191216,28063.9
123,0,0.001,15.9681,2000,2.6382,2.58399,3.28446,2.69484,583.625,536.125,2101.05,1930.05,22.8125,12.625,1.49307e+06,86.0953,128.926,700,700,0.211031,422.062,0.00625228,12.5046,21.8791,43758.2,300.938,-0.582998,3.35648e-10,0.677067,0.279509,28320.8
124,0,0.001,15.9126,2000,2.62318,2.56749,3.28778,2.6815,576,529,2073.6,1904.4,21.9375,12.125,1.47282e+06,90.4904,132.953,700,700,0.209656,419.312,0.00600234,12.0047,21.7132,43426.4,297.5,-0.579047,6.53379e-11,0.689821,0.287575,28576.9
125,0,0.001,16.1241,2000,2.29743,2.247,3.04223,2.3503,507.5,463.938,1827,1670.17,18.375,10.25,1.52734e+06,118.188,161.726,700,700,0.186031,372.062,0.00241784,4.83568,22.2662,44532.4,263.438,-0.0986366,-2.28832e-10,0.720447,0.31055,28836.4
126,0,0.001,14.7112,2000,2.52604,2.46392,3.23939,2.59135,552.375,508.312,1988.55,1829.92,20.125,10.4375,1.50439e+06,100.627,142.948,700,700,0.203844,407.688,0.00505436,10.1087,21.6818,43363.5,285.75,-0.476373,-1.57045e-10,0.726446,0.465034,29073.4
127,0,0.001,14.9459,2000,2.54034,2.47146,3.24215,2.61294,550.812,510.938,1982.92,1839.38,16.875,8.5,1.49202e+06,102.583,144.681,700,700,0.213281,426.562,0.00642928,12.8586,21.5949,43189.9,285.438,-0.608311,-4.99224e-11,0.741167,0.553874,29314.1
128,0,0.001,13.6505,2000,2.54559,2.47728,3.25338,2.61776,548.812,510,1975.72,1836,16.4375,8.875,1.50972e+06,103.541,145.381,700,700,0.213906,427.812,0.00648003,12.9601,21.4887,42977.3,284.125,-0.603739,-2.88027e-11,0.747331,0.422979,29543.1
129,0,0.001,14.8123,2000,2.08484,2.03279,2.77039,2.13998,455.125,415.125,1638.45,1494.45,15.625,9.875,1.53624e+06,148.112,192.103,700,700,0.1685,337,-0.000360478,-0.720956,22.4902,44980.4,237.438,0.158676,1.00701e-11,0.770853,0.566371,29781.8
130,0,0.001,14.4005,2000,2.4795,2.41308,3.23256,2.54967,536.062,493.688,1929.83,1777.28,18.1875,9.9375,1.50695e+06,106.477,148.303,700,700,0.201375,402.75,0.00453887,9.07774,21.4814,42962.8,277.312,-0.406113,-1.45479e-11,0.759524,0.562961,30013.8
131,0,0.001,14.1944,2000,2.53312,2.46463,3.25018,2.60544,542.938,504.688,1954.58,1816.88,15.3125,8.125,1.52428e+06,106.416,148.064,700,700,0.214062,428.125,0.00639798,12.796,21.3846,42769.2,281.375,-0.588193,1.25585e-10,0.757983,0.534754,30242.4
132,0,0.001,14.4407,2000,2.50136,2.43605,3.23185,2.57039,539.75,500.812,1943.1,1802.92,15.875,9.1875,1.49928e+06,108.872,150.782,700,700,0.210719,421.438,0.00586061,11.7212,21.528,43056,279.75,-0.533679,7.57268e-11,0.758607,0.552952,30475.1
133,0,0.001,14.851,2000,2.53356,2.46618,3.24509,2.60467,544.625,503.812,1960.65,1813.72,18.625,9.8125,1.50597e+06,105.354,147.038,700,700,0.205344,410.688,0.00501954,10.0391,21.3963,42792.5,282.75,-0.445948,-1.99316e-10,0.757216,-0.0930214,30713.6
134,0,0.001,14.851,2000,2.45662,2.38802,3.20599,2.52926,530.875,489.938,1911.15,1763.78,17.6875,9.625,1.50418e+06,109.416,151.324,700,700,0.20075,401.5,0.00430105,8.6021,21.5469,43093.8,274.938,-0.367612,-3.24011e-10,0.766875,0.56996,30943.4
135,0,0.001,14.3962,2000,2.49849,2.43226,3.23933,2.56875,534.062,493.688,1922.62,1777.28,17.1875,10.375,1.51219e+06,107.217,148.672,700,700,0.203875,407.75,0.0047389,9.4778,21.3268,42653.7,276.5,-0.423518,1.28084e-10,0.770618,0.0691547,31174.9
136,0,0.001,14.348,2000,2.50542,2.43934,3.23998,2.57553,532.938,494.875,1918.57,1781.55,16.375,10.125,1.51759e+06,110.287,151.625,700,700,0.2065,413,0.00510129,10.2026,21.2747,42549.3,276.5,-0.505375,-1.76509e-10,0.779902,0.237416,31405.4
137,0,0.001,13.8337,2000,2.53076,2.45888,3.25794,2.60711,531.562,494.688,1913.62,1780.88,16.25,9.4375,1.54681e+06,109.977,150.787,700,700,0.206719,413.438,0.00510299,10.206,21.0168,42033.7,276.062,-0.466395,1.78187e-12,0.784446,0.467684,31628.2
138,0,0.001,14.2997,2000,2.49266,2.41904,3.23217,2.57089,527.688,489.375,1899.67,1761.75,14.5,8.0625,1.47942e+06,113.009,154.036,700,700,0.208437,416.875,0.00533109,10.6622,21.1303,42260.6,273.125,-0.488744,2.17239e-10,0.790009,0.553462,31858.7
139,0,0.001,15.1904,2000,2.51865,2.44235,3.25137,2.5998,527.25,489.938,1898.1,1763.78,14,7.75,1.52122e+06,112.185,152.848,700,700,0.209969,419.938,0.00553125,11.0625,20.9504,41900.9,272.875,-0.524576,-2.37268e-10,0.795275,0.557459,32103.4
140,0,0.001,15.1197,2000,2.51909,2.44339,3.25075,2.59968,526.812,491.562,1896.53,1769.62,14,8,1.52788e+06,113.062,153.769,700,700,0.210781,421.562,0.00562168,11.2434,20.985,41969.9,273.25,-0.520065,-1.94696e-11,0.796573,0.0683038,32346.5
141,0,0.001,14.4507,2000,2.49663,2.42762,3.24478,2.57002,525.562,487.938,1892.03,1756.58,14.75,9.5,1.48585e+06,115.276,156.164,700,700,0.207094,414.188,0.00503334,10.0667,21.0642,42128.4,272.375,-0.46427,-3.45281e-10,0.79736,0.429125,32579.3
142,0,0.001,16.0854,2000,2.51257,2.44188,3.24616,2.5877,527.062,489.625,1897.43,1762.65,16.6875,9.75,1.54588e+06,113.5,154.238,700,700,0.203094,406.188,0.0043997,8.79941,20.9862,41972.3,273.875,-0.393742,-1.98518e-10,0.795448,0.0825508,32837.8
143,0,0.001,16.1429,2000,2.437,2.37104,3.2073,2.50713,518.312,477.938,1865.93,1720.57,16.375,10,1.48345e+06,113.9,155.067,700,700,0.198031,396.062,0.00360727,7.21453,21.1801,42360.1,268.625,-0.341977,-8.63779e-10,0.794098,0.525798,33097.7
144,0,0.001,15.196,2000,2.56663,2.49217,3.26063,2.64586,536.5,496.562,1931.4,1787.62,18.9375,10.8125,1.53218e+06,109.899,150.44,700,700,0.200938,401.875,0.00402342,8.04685,20.8942,41788.4,278.312,-0.387413,1.44668e-10,0.791577,0.590795,33342.6
145,0,0.001,15.3652,2000,2.52464,2.45686,3.24808,2.59666,531.688,489.938,1914.08,1763.78,19,11.5625,1.50433e+06,111.816,152.562,700,700,0.197469,394.938,0.00347063,6.94126,20.9854,41970.8,275.438,-0.332799,-1.98459e-10,0.792072,0.504788,33590
146,0,0.001,14.7122,2000,2.57323,2.50435,3.27693,2.64654,537.375,498.875,1934.55,1795.95,16.125,10.5625,1.51068e+06,108.838,149.394,700,700,0.209125,418.25,0.0052175,10.435,20.9041,41808.1,278.312,-0.480769,4.98571e-11,0.791221,0.456589,33827
147,0,0.001,14.4049,2000,2.50868,2.4365,3.23412,2.58533,529.625,492,1906.65,1771.2,16.6875,9.125,1.54676e+06,113.161,154.167,700,700,0.204281,408.562,0.00444973,8.89945,21.1109,42221.9,274.688,-0.392971,1.55007e-09,0.793637,0.398073,34059
148,0,0.001,14.3028,2000,2.51555,2.4458,3.24756,2.58964,526.375,488.625,1894.95,1759.05,16.3125,9.75,1.5454e+06,113.725,154.392,700,700,0.203531,407.062,0.00431353,8.62706,20.9398,41879.5,272.875,-0.406437,-2.70737e-11,0.797144,0.419218,34289.3
149,0,0.001,13.9461,2000,2.51434,2.44094,3.24446,2.59259,526.562,488.375,1895.62,1758.15,15.25,9.3125,1.50199e+06,113.861,154.464,700,700,0.206062,412.125,0.00467374,9.34749,20.9455,41891,272.688,-0.444915,1.83796e-10,0.800096,0.466869,34514
150,0,0.001,14.2879,2000,2.53782,2.46589,3.25375,2.61429,533.438,494.438,1920.38,1779.97,16.3125,9.625,1.49117e+06,110.367,151.133,700,700,0.206437,412.875,0.00470496,9.40992,21.0025,42005,276.688,-0.436506,1.58832e-09,0.795297,0.529867,34744.2
151,0,0.001,14.3419,2000,2.50255,2.43115,3.24205,2.57838,528.188,488.5,1901.47,1758.6,17.375,9.8125,1.53478e+06,112.735,153.641,700,700,0.200813,401.625,0.00382022,7.64044,21.0621,42124.2,273.438,-0.353287,6.13641e-11,0.795231,0.479472,34975.3
152,0,0.001,14.0876,2000,2.51407,2.44202,3.24223,2.59064,530.25,492.062,1908.9,1771.42,14.875,8.625,1.50587e+06,112.016,152.953,700,700,0.208844,417.688,0.00502166,10.0433,21.0814,42162.9,274.312,-0.473437,1.19779e-10,0.791259,0.394996,35211.3
153,0,0.001,14.5174,2000,2.40728,2.33689,3.14992,2.48211,508.438,470.375,1830.38,1693.35,15.375,8.6875,1.52292e+06,119.856,161.336,700,700,0.19675,393.5,0.00314797,6.29593,21.3245,42649.1,264.25,-0.238944,1.84634e-10,0.792704,0.403013,35445
154,0,0.001,14.9306,2000,2.47816,2.40612,3.22071,2.55466,526.938,489.438,1896.97,1761.97,14.625,8.1875,1.52543e+06,114.551,155.847,700,700,0.208156,416.312,0.00486775,9.73549,21.2613,42522.6,273,-0.467435,-5.04093e-10,0.790817,0.508518,35685.6
155,0,0.001,14.1991,2000,2.53157,2.45742,3.25528,2.61047,531.438,493.062,1913.18,1775.03,16.1875,9.375,1.52564e+06,112.821,153.581,700,700,0.206062,412.125,0.0045202,9.0404,21.0044,42008.9,275.375,-0.418803,-1.37586e-10,0.78919,0.573223,35914.5
156,0,0.001,14.3375,2000,2.51219,2.43992,3.26388,2.58926,524,488.438,1886.4,1758.38,13.5,8.9375,1.54007e+06,113.472,154.043,700,700,0.210469,420.938,0.00517106,10.3421,20.9313,41862.6,271.188,-0.485786,-2.78634e-10,0.79349,0.489144,36145.5
157,0,0.001,14.3808,2000,2.47166,2.39789,3.22937,2.55015,521.188,485.188,1876.28,1746.68,13.625,7.6875,1.51017e+06,116.244,157.216,700,700,0.208531,417.062,0.00484986,9.69972,21.1144,42228.8,270.625,-0.435105,7.26278e-11,0.794246,0.31375,36377.1
158,0,0.001,14.5446,2000,2.45235,2.38065,3.23012,2.5288,515.812,477.562,1856.92,1719.22,15.1875,9.5625,1.48539e+06,119.139,159.933,700,700,0.200813,401.625,0.00364041,7.28082,21.0426,42085.2,267.625,-0.316437,2.68839e-11,0.799426,0.306576,36611.3
159,0,0.001,14.5589,2000,2.42508,2.34789,3.20241,2.50737,510.75,475.938,1838.7,1713.38,12.8125,6.6875,1.5195e+06,122.413,163.355,700,700,0.205937,411.875,0.00440792,8.81583,21.1166,42233.1,265.375,-0.406373,2.80498e-10,0.804158,0.311877,36854.7
160,0,0.001,14.7014,2000,2.31167,2.24008,3.14906,2.38828,487.375,452.188,1754.55,1627.88,13.75,8.1875,1.52961e+06,129.459,170.552,700,700,0.191719,383.438,0.00220181,4.40362,21.1891,42378.1,253.688,-0.187468,1.61629e-09,0.819595,0.331597,37091.4
161,0,0.001,14.3183,2000,2.34761,2.27077,3.17764,2.4299,493.062,456.75,1775.03,1644.3,14.125,8.1875,1.50472e+06,129.191,169.849,700,700,0.193062,386.125,0.00239678,4.79355,21.02,42039.9,256.562,-0.216027,-1.224e-10,0.820443,0.442845,37322.1
162,0,0.001,13.727,2000,2.32321,2.24753,3.16655,2.40449,486.5,452.25,1751.4,1628.1,13.0625,8.4375,1.52767e+06,134.11,174.691,700,700,0.193469,386.938,0.00244461,4.88921,21.0086,42017.2,252.875,-0.261807,1.60223e-09,0.827005,0.308182,37552.2
163,0,0.001,14.3611,2000,2.2735,2.19463,3.14625,2.35826,475,440.188,1710,1584.68,11.875,6.9375,1.47238e+06,140.52,180.909,700,700,0.190406,380.812,0.00196355,3.9271,20.9171,41834.2,247.562,-0.147999,-1.37445e-10,0.837421,0.288944,37783.4
164,0,0.001,14.4828,2000,2.23547,2.15917,3.13379,2.31759,466.5,432.562,1679.4,1557.22,10.625,6.75,1.51329e+06,142.168,182.528,700,700,0.189719,379.438,0.00184501,3.69002,20.915,41830.1,242.5,-0.145803,-2.72401e-11,0.842956,0.323351,38016.7
165,0,0.001,,,,,,,,,,,,,,,,,,,,,,,,,,,,,
